-- phpMyAdmin SQL Dump
-- version 4.0.4
-- http://www.phpmyadmin.net
--
-- 主机: localhost
-- 生成日期: 2017 年 05 月 04 日 03:26
-- 服务器版本: 5.6.12-log
-- PHP 版本: 5.4.16

SET SQL_MODE = "NO_AUTO_VALUE_ON_ZERO";
SET time_zone = "+00:00";


/*!40101 SET @OLD_CHARACTER_SET_CLIENT=@@CHARACTER_SET_CLIENT */;
/*!40101 SET @OLD_CHARACTER_SET_RESULTS=@@CHARACTER_SET_RESULTS */;
/*!40101 SET @OLD_COLLATION_CONNECTION=@@COLLATION_CONNECTION */;
/*!40101 SET NAMES utf8 */;

--
-- 数据库: `travel`
--
CREATE DATABASE IF NOT EXISTS `travel` DEFAULT CHARACTER SET utf8 COLLATE utf8_general_ci;
USE `travel`;

-- --------------------------------------------------------

--
-- 表的结构 `admin`
--

CREATE TABLE IF NOT EXISTS `admin` (
  `id` int(11) NOT NULL AUTO_INCREMENT,
  `name` varchar(20) NOT NULL,
  `pwd` varchar(32) NOT NULL,
  PRIMARY KEY (`id`)
) ENGINE=InnoDB  DEFAULT CHARSET=utf8 AUTO_INCREMENT=2 ;

--
-- 转存表中的数据 `admin`
--

INSERT INTO `admin` (`id`, `name`, `pwd`) VALUES
(1, 'admin', 'admin');

-- --------------------------------------------------------

--
-- 表的结构 `comments`
--

CREATE TABLE IF NOT EXISTS `comments` (
  `comments_id` int(4) NOT NULL AUTO_INCREMENT,
  `posts_id` int(4) NOT NULL,
  `user_id` int(4) NOT NULL,
  `com_content` varchar(50) NOT NULL,
  `comments_time` datetime NOT NULL,
  PRIMARY KEY (`comments_id`)
) ENGINE=InnoDB  DEFAULT CHARSET=utf8 AUTO_INCREMENT=21 ;

--
-- 转存表中的数据 `comments`
--

INSERT INTO `comments` (`comments_id`, `posts_id`, `user_id`, `com_content`, `comments_time`) VALUES
(3, 1, 5, 'good job!', '2017-04-17 19:05:22'),
(4, 1, 5, 'good job!', '2017-04-17 19:36:27'),
(5, 2, 5, 'success', '2017-04-17 19:39:12'),
(6, 3, 1, 'hello', '2017-04-17 19:41:05'),
(7, 1, 1, 'hello', '2017-04-17 19:41:21'),
(10, 3, 1, '哈哈', '2017-04-17 22:04:50'),
(11, 3, 1, 'good job!', '2017-04-17 22:05:01'),
(12, 3, 1, '不错', '2017-04-17 22:05:14'),
(14, 3, 1, '加油', '2017-04-17 22:05:26'),
(15, 2, 9, 'hello', '2017-04-18 11:45:31'),
(16, 8, 9, 'hello', '2017-04-23 13:35:51'),
(18, 9, 9, '2', '2017-04-23 14:34:19'),
(19, 9, 9, '3', '2017-04-23 14:34:24'),
(20, 9, 9, '4', '2017-04-23 14:34:28');

-- --------------------------------------------------------

--
-- 表的结构 `news`
--

CREATE TABLE IF NOT EXISTS `news` (
  `news_id` int(4) NOT NULL AUTO_INCREMENT,
  `news_title` varchar(50) NOT NULL,
  `news_content` text NOT NULL,
  `news_time` datetime NOT NULL,
  PRIMARY KEY (`news_id`)
) ENGINE=InnoDB  DEFAULT CHARSET=utf8 AUTO_INCREMENT=5 ;

--
-- 转存表中的数据 `news`
--

INSERT INTO `news` (`news_id`, `news_title`, `news_content`, `news_time`) VALUES
(2, '江西遂川荣获“中国美丽梯田之乡”称号', '<p style="text-align:center"><img src="/travelWeb/Public/upload/image/20170423/1492910443451962.jpg"/></p><p style="margin-top: 0px; margin-bottom: 0px; padding: 0px; font-family: 宋体, sans-serif; font-size: 14px; white-space: normal; background-color: rgb(241, 244, 255);"><span style="color: rgb(64, 64, 64); font-stretch: normal; font-size: 10.5pt; line-height: 32px; font-family: 宋体; widows: 1; background-color: rgb(255, 255, 255); text-indent: 36px;">“中国十大最美梯田之乡”新闻发布会在遂川县大汾镇举行。（中国江西网供图）</span></p><p style="margin-top: 0px; margin-bottom: 0px; padding: 0px; font-family: 宋体, sans-serif; font-size: 14px; white-space: normal; background-color: rgb(241, 244, 255);">&nbsp;</p><p style="margin-top: 0px; margin-bottom: 0px; padding: 0px; font-family: 宋体, sans-serif; font-size: 14px; white-space: normal; background-color: rgb(241, 244, 255);"><span style="">　　4月20日，“第三届全国融媒体看江西” 采访团最后一站来到遂川，上午，“中国十大最美梯田之乡”新闻发布会在遂川县大汾镇举行，遂川县高山梯田群落综合打分列首位，荣获“中国最美梯田之乡”称号。</span></p><p><span style="font-size:16px"></span></p><p style="margin-top: 0px; margin-bottom: 0px; padding: 0px;"><br/><span style="">　　据了解，遂川县有十万亩高山梯田群落，品质超群，点多线长面广，变幻无穷，历史悠久。记者站在观景台处远眺，梯田千层万阶，形随山变，田中水映着天空，映着躬耕的农民和犁地的水牛，勾勒出一幅绝美的田园山水画卷。据讲解员介绍，梯田如今的耕种仍以最古朴的方式，牛拉犁、铲翻地、以泥巴筑田塍，处处是人与自然和谐相处的风景。</span></p><p style="margin-top: 0px; margin-bottom: 0px; padding: 0px;"><br/><span style="">　　遂川梯田主要分布在客家人居住的西部山区丘陵地带，唐宋以来，一代代的遂川客家人依山造田，耕读传家，逐步形成了独具特色的遂川客家文化。一壶狗牯脑茶，几碟客家小吃，一段舞龙戏狮，向世人传递着客家文明，更赋予高山梯田故事与生命。</span></p><p style="margin-top: 0px; margin-bottom: 0px; padding: 0px;"><br/><span style="">　　记者抵达桃源梯田景区观景台时，骤雨初霁，不远处的山间浮起层层薄雾，仿若置身仙境。</span></p><p style="margin-top: 0px; margin-bottom: 0px; padding: 0px;"><br/><span style="">　　据悉，遂川旅游资源丰富，近年来，遂川县大力实施“全景遂川，全域旅游”战略。今年更是举全县之力主抓梯田旅游集聚区建设，大力推进梯田旅游开发。</span></p><p style="margin-top: 0px; margin-bottom: 0px; padding: 0px;"><br/><span style="">　　遂川县长肖凌秋在新闻发布会上称，遂川从2014年桃源梯田被腾讯、环球等网友评选为“全球十大最美梯田”，到今年央视《新闻直播间》直播桃源梯田春耕美景，再到荣获“中国最美梯田之乡”这一殊荣，遂川高山梯田实现了精彩的“三连跳”。遂川将以此为契机大力发展生态乡村旅游，打响“中国最美梯田之乡”品牌，把旅游产业作为打赢遂川精准脱贫攻坚战的重要抓手。</span></p><p style="margin-top: 0px; margin-bottom: 0px; padding: 0px;"><br/><span style="">　　家住遂川县滁峰村的古先生今天似乎格外高兴，看到遂川县高山梯田群落荣获“中国美丽梯田之乡”称号，在与记者聊天过程中，他嘴角的笑意从未褪去，古先生告诉记者，他很愿意家乡可以发展旅游，这样，就可以促进经济发展，自己如今在外地工作，如果以后家乡发展起来，他很想回来，自己对家乡很熟悉，做导游也是好的。</span></p><p style="margin-top: 0px; margin-bottom: 0px; padding: 0px;"><span style="font-family:宋体"></span>&nbsp;</p><p style="text-align:center"><span style="font-family:宋体"><img src="/travelWeb/Public/upload/image/20170423/1492910445356518.jpg"/></span></p><p style="margin-top: 0px; margin-bottom: 0px; padding: 0px; text-align: center;"><span style="color: rgb(64, 64, 64); text-align: justify; font-stretch: normal; line-height: 32px; font-family: 宋体; widows: 1; background-color: rgb(255, 255, 255); text-indent: 36px; font-size: 14px;">遂川县高山梯田群落综合打分列首位，荣获“中国最美梯田之乡”称号。</span></p><p style="margin-top: 0px; margin-bottom: 0px; padding: 0px;"><span style="color: rgb(64, 64, 64); text-align: justify; font-stretch: normal; font-size: 18px; line-height: 32px; font-family: 楷体, 楷体_GB2312; widows: 1; background-color: rgb(255, 255, 255); text-indent: 36px;"></span>&nbsp;</p><p style="text-align:center"><span style="color: rgb(64, 64, 64); text-align: justify; font-stretch: normal; font-size: 18px; line-height: 32px; font-family: 楷体, 楷体_GB2312; widows: 1; background-color: rgb(255, 255, 255); text-indent: 36px;"><img src="/travelWeb/Public/upload/image/20170423/1492910446866272.jpg"/></span></p><p style="margin-top: 0px; margin-bottom: 0px; padding: 0px; text-align: center;"><span style="color: rgb(64, 64, 64); text-align: justify; widows: 1; background-color: rgb(255, 255, 255); text-indent: 36px; font-stretch: normal; font-size: 10.5pt; line-height: 32px; font-family: 宋体;">遂川县大汾米岭梯田风景区景观。</span></p><p style="margin-top: 0px; margin-bottom: 0px; padding: 0px;"><span style="color: rgb(64, 64, 64); text-align: justify; font-size: 18px; font-family: 楷体, 楷体_GB2312; widows: 1; background-color: rgb(255, 255, 255); text-indent: 36px; font-stretch: normal; line-height: 32px;"></span>&nbsp;</p><p style="text-align:center"><span style="color: rgb(64, 64, 64); text-align: justify; font-size: 18px; font-family: 楷体, 楷体_GB2312; widows: 1; background-color: rgb(255, 255, 255); text-indent: 36px; font-stretch: normal; line-height: 32px;"><img src="/travelWeb/Public/upload/image/20170423/1492910446111645.jpg"/></span></p><p style="margin-top: 0px; margin-bottom: 0px; padding: 0px; text-align: center;"><span style="color: rgb(64, 64, 64); text-align: justify; widows: 1; background-color: rgb(255, 255, 255); text-indent: 36px; font-stretch: normal; font-size: 10.5pt; line-height: 32px; font-family: 宋体;">遂川县桃源梯田景色。</span></p><p style="margin-top: 0px; margin-bottom: 0px; padding: 0px;"><span style="color: rgb(64, 64, 64); text-align: justify; font-size: 18px; font-family: 楷体, 楷体_GB2312; widows: 1; background-color: rgb(255, 255, 255); text-indent: 36px; font-stretch: normal; line-height: 32px;"></span>&nbsp;</p><p style="margin-top: 0px; margin-bottom: 0px; padding: 0px; text-align: center;"><span style="color: rgb(64, 64, 64); text-align: justify; font-size: 18px; font-family: 楷体, 楷体_GB2312; widows: 1; background-color: rgb(255, 255, 255); text-indent: 36px; font-stretch: normal; line-height: 32px;"><img src="/travelWeb/Public/upload/image/20170423/1492910447550763.jpg"/></span></p><p style="margin-top: 0px; margin-bottom: 0px; padding: 0px; text-align: center;"><span style="color: rgb(64, 64, 64); text-align: justify; widows: 1; background-color: rgb(255, 255, 255); text-indent: 36px; font-stretch: normal; font-size: 10.5pt; line-height: 32px; font-family: 宋体;">客家民宿。</span></p><p></p><p><br/></p>', '2017-04-23 09:25:06'),
(3, '江西遂川荣获“中国美丽梯田之乡”称号', '<p style="text-align:center"><img src="/travelWeb/Public/upload/image/20170423/1492910443451962.jpg"/></p><p style="margin-top: 0px; margin-bottom: 0px; padding: 0px; font-family: 宋体, sans-serif; font-size: 14px; white-space: normal; background-color: rgb(241, 244, 255);"><span style="color: rgb(64, 64, 64); font-stretch: normal; font-size: 10.5pt; line-height: 32px; font-family: 宋体; widows: 1; background-color: rgb(255, 255, 255); text-indent: 36px;">“中国十大最美梯田之乡”新闻发布会在遂川县大汾镇举行。（中国江西网供图）</span></p><p style="margin-top: 0px; margin-bottom: 0px; padding: 0px; font-family: 宋体, sans-serif; font-size: 14px; white-space: normal; background-color: rgb(241, 244, 255);">&nbsp;</p><p style="margin-top: 0px; margin-bottom: 0px; padding: 0px; font-family: 宋体, sans-serif; font-size: 14px; white-space: normal; background-color: rgb(241, 244, 255);"><span style="">　　4月20日，“第三届全国融媒体看江西” 采访团最后一站来到遂川，上午，“中国十大最美梯田之乡”新闻发布会在遂川县大汾镇举行，遂川县高山梯田群落综合打分列首位，荣获“中国最美梯田之乡”称号。</span></p><p><span style="font-size:16px"></span></p><p style="margin-top: 0px; margin-bottom: 0px; padding: 0px;"><br/><span style="">　　据了解，遂川县有十万亩高山梯田群落，品质超群，点多线长面广，变幻无穷，历史悠久。记者站在观景台处远眺，梯田千层万阶，形随山变，田中水映着天空，映着躬耕的农民和犁地的水牛，勾勒出一幅绝美的田园山水画卷。据讲解员介绍，梯田如今的耕种仍以最古朴的方式，牛拉犁、铲翻地、以泥巴筑田塍，处处是人与自然和谐相处的风景。</span></p><p style="margin-top: 0px; margin-bottom: 0px; padding: 0px;"><br/><span style="">　　遂川梯田主要分布在客家人居住的西部山区丘陵地带，唐宋以来，一代代的遂川客家人依山造田，耕读传家，逐步形成了独具特色的遂川客家文化。一壶狗牯脑茶，几碟客家小吃，一段舞龙戏狮，向世人传递着客家文明，更赋予高山梯田故事与生命。</span></p><p style="margin-top: 0px; margin-bottom: 0px; padding: 0px;"><br/><span style="">　　记者抵达桃源梯田景区观景台时，骤雨初霁，不远处的山间浮起层层薄雾，仿若置身仙境。</span></p><p style="margin-top: 0px; margin-bottom: 0px; padding: 0px;"><br/><span style="">　　据悉，遂川旅游资源丰富，近年来，遂川县大力实施“全景遂川，全域旅游”战略。今年更是举全县之力主抓梯田旅游集聚区建设，大力推进梯田旅游开发。</span></p><p style="margin-top: 0px; margin-bottom: 0px; padding: 0px;"><br/><span style="">　　遂川县长肖凌秋在新闻发布会上称，遂川从2014年桃源梯田被腾讯、环球等网友评选为“全球十大最美梯田”，到今年央视《新闻直播间》直播桃源梯田春耕美景，再到荣获“中国最美梯田之乡”这一殊荣，遂川高山梯田实现了精彩的“三连跳”。遂川将以此为契机大力发展生态乡村旅游，打响“中国最美梯田之乡”品牌，把旅游产业作为打赢遂川精准脱贫攻坚战的重要抓手。</span></p><p style="margin-top: 0px; margin-bottom: 0px; padding: 0px;"><br/><span style="">　　家住遂川县滁峰村的古先生今天似乎格外高兴，看到遂川县高山梯田群落荣获“中国美丽梯田之乡”称号，在与记者聊天过程中，他嘴角的笑意从未褪去，古先生告诉记者，他很愿意家乡可以发展旅游，这样，就可以促进经济发展，自己如今在外地工作，如果以后家乡发展起来，他很想回来，自己对家乡很熟悉，做导游也是好的。</span></p><p style="margin-top: 0px; margin-bottom: 0px; padding: 0px;"><span style="font-family:宋体"></span>&nbsp;</p><p style="text-align:center"><span style="font-family:宋体"><img src="/travelWeb/Public/upload/image/20170423/1492910445356518.jpg"/></span></p><p style="margin-top: 0px; margin-bottom: 0px; padding: 0px; text-align: center;"><span style="color: rgb(64, 64, 64); text-align: justify; font-stretch: normal; line-height: 32px; font-family: 宋体; widows: 1; background-color: rgb(255, 255, 255); text-indent: 36px; font-size: 14px;">遂川县高山梯田群落综合打分列首位，荣获“中国最美梯田之乡”称号。</span></p><p style="margin-top: 0px; margin-bottom: 0px; padding: 0px;"><span style="color: rgb(64, 64, 64); text-align: justify; font-stretch: normal; font-size: 18px; line-height: 32px; font-family: 楷体, 楷体_GB2312; widows: 1; background-color: rgb(255, 255, 255); text-indent: 36px;"></span>&nbsp;</p><p style="text-align:center"><span style="color: rgb(64, 64, 64); text-align: justify; font-stretch: normal; font-size: 18px; line-height: 32px; font-family: 楷体, 楷体_GB2312; widows: 1; background-color: rgb(255, 255, 255); text-indent: 36px;"><img src="/travelWeb/Public/upload/image/20170423/1492910446866272.jpg"/></span></p><p style="margin-top: 0px; margin-bottom: 0px; padding: 0px; text-align: center;"><span style="color: rgb(64, 64, 64); text-align: justify; widows: 1; background-color: rgb(255, 255, 255); text-indent: 36px; font-stretch: normal; font-size: 10.5pt; line-height: 32px; font-family: 宋体;">遂川县大汾米岭梯田风景区景观。</span></p><p style="margin-top: 0px; margin-bottom: 0px; padding: 0px;"><span style="color: rgb(64, 64, 64); text-align: justify; font-size: 18px; font-family: 楷体, 楷体_GB2312; widows: 1; background-color: rgb(255, 255, 255); text-indent: 36px; font-stretch: normal; line-height: 32px;"></span>&nbsp;</p><p style="text-align:center"><span style="color: rgb(64, 64, 64); text-align: justify; font-size: 18px; font-family: 楷体, 楷体_GB2312; widows: 1; background-color: rgb(255, 255, 255); text-indent: 36px; font-stretch: normal; line-height: 32px;"><img src="/travelWeb/Public/upload/image/20170423/1492910446111645.jpg"/></span></p><p style="margin-top: 0px; margin-bottom: 0px; padding: 0px; text-align: center;"><span style="color: rgb(64, 64, 64); text-align: justify; widows: 1; background-color: rgb(255, 255, 255); text-indent: 36px; font-stretch: normal; font-size: 10.5pt; line-height: 32px; font-family: 宋体;">遂川县桃源梯田景色。</span></p><p style="margin-top: 0px; margin-bottom: 0px; padding: 0px;"><span style="color: rgb(64, 64, 64); text-align: justify; font-size: 18px; font-family: 楷体, 楷体_GB2312; widows: 1; background-color: rgb(255, 255, 255); text-indent: 36px; font-stretch: normal; line-height: 32px;"></span>&nbsp;</p><p style="margin-top: 0px; margin-bottom: 0px; padding: 0px; text-align: center;"><span style="color: rgb(64, 64, 64); text-align: justify; font-size: 18px; font-family: 楷体, 楷体_GB2312; widows: 1; background-color: rgb(255, 255, 255); text-indent: 36px; font-stretch: normal; line-height: 32px;"><img src="/travelWeb/Public/upload/image/20170423/1492910447550763.jpg"/></span></p><p style="margin-top: 0px; margin-bottom: 0px; padding: 0px; text-align: center;"><span style="color: rgb(64, 64, 64); text-align: justify; widows: 1; background-color: rgb(255, 255, 255); text-indent: 36px; font-stretch: normal; font-size: 10.5pt; line-height: 32px; font-family: 宋体;">客家民宿。</span></p><p></p><p><br/></p>', '2017-04-23 09:25:06'),
(4, '新闻', '<p>这是内容这是内容这是内容这是内容这是内容</p>', '2017-04-23 10:28:32');

-- --------------------------------------------------------

--
-- 表的结构 `posts`
--

CREATE TABLE IF NOT EXISTS `posts` (
  `posts_id` int(4) NOT NULL AUTO_INCREMENT,
  `posts_title` varchar(50) NOT NULL,
  `posts_author` varchar(50) NOT NULL,
  `posts_content` text NOT NULL,
  `posts_time` datetime NOT NULL,
  PRIMARY KEY (`posts_id`)
) ENGINE=InnoDB  DEFAULT CHARSET=utf8 AUTO_INCREMENT=10 ;

--
-- 转存表中的数据 `posts`
--

INSERT INTO `posts` (`posts_id`, `posts_title`, `posts_author`, `posts_content`, `posts_time`) VALUES
(1, '我来发个帖子', 'Anna', '<p>这是内容这是内容这是内容这是内容这是内容</p>', '2017-04-17 14:43:03'),
(2, '测试一下', 'Anna', '<p>测试内容测试内容测试内容测试内容测试内容测试内容测试内容测试内容测试内容</p>', '2017-04-17 19:37:42'),
(3, 'Hello', 'abc', '<p>This is content</p><p>This is content</p><p>This is content</p>', '2017-04-17 19:40:54'),
(8, 'test', 'Henry', '<p>这是内容这是内容这是内容这是内容这是内容这是内容这是内容这是内容这是内容这是内容这是内容这是内容这是内容这是内容这是内容这是内容这是内容这是内容这是内容这是内容这是内容这是内容这是内容这是内容这是内容</p>', '2017-04-23 13:35:23'),
(9, 'abcdefg', 'Henry', '<p>This is content</p><p>This is content</p><p>This is content</p><p>This is content<br/></p><p>This is content</p><p>This is content</p>', '2017-04-23 14:33:19');

-- --------------------------------------------------------

--
-- 表的结构 `sights`
--

CREATE TABLE IF NOT EXISTS `sights` (
  `sights_id` int(4) NOT NULL AUTO_INCREMENT,
  `sights_name` varchar(50) NOT NULL,
  `city` varchar(50) NOT NULL,
  `address` varchar(50) NOT NULL,
  `intro` text NOT NULL,
  `ticket` varchar(50) NOT NULL,
  PRIMARY KEY (`sights_id`)
) ENGINE=InnoDB  DEFAULT CHARSET=utf8 AUTO_INCREMENT=8 ;

--
-- 转存表中的数据 `sights`
--

INSERT INTO `sights` (`sights_id`, `sights_name`, `city`, `address`, `intro`, `ticket`) VALUES
(5, '武功山', '江西省萍乡市', '江西省萍乡市芦溪县164县道', '<p style="text-align:center"><img src="https://timg01.bdimg.com/timg?wapbaike&quality=80&size=b500_330&sec=1349839550&di=b01b5c4de6580ce813911914888406d7&src=http://imgsrc.baidu.com/baike/pic/item/77c6a7efce1b9d16613c46eafadeb48f8d546446.jpg"/></p><p style="margin-top: 0px; margin-bottom: 0px; color: rgb(63, 63, 63); font-family: Helvetica, sans-serif; white-space: normal; background-color: rgb(255, 255, 255);">武功山位于中国江西省中西部，居<a href="https://wapbaike.baidu.com/item/%E7%BD%97%E9%9C%84%E5%B1%B1%E8%84%89" style="color: rgb(58, 127, 222); text-decoration: none;">罗霄山脉</a>北支，山体呈东北——西南走向，地跨江西萍乡市芦溪县、吉安市安福县，宜春市袁州区，主脉绵延120余千米，总面积约970平方千米。</p><p style="margin-top: 0px; margin-bottom: 0px; color: rgb(63, 63, 63); font-family: Helvetica, sans-serif; white-space: normal; background-color: rgb(255, 255, 255);">武功山围绕金顶已设立“<a href="https://wapbaike.baidu.com/item/%E6%AD%A6%E5%8A%9F%E5%B1%B1%E5%9B%BD%E5%AE%B6%E5%9C%B0%E8%B4%A8%E5%85%AC%E5%9B%AD" style="color: rgb(58, 127, 222); text-decoration: none;">武功山国家地质公园</a>”（面积约378.3平方千米）、“<a href="https://wapbaike.baidu.com/item/%E6%AD%A6%E5%8A%9F%E5%B1%B1%E5%9B%BD%E5%AE%B6%E6%A3%AE%E6%9E%97%E5%85%AC%E5%9B%AD" style="color: rgb(58, 127, 222); text-decoration: none;">武功山国家森林公园</a>”（面积约260平方千米）、“<a href="https://wapbaike.baidu.com/item/%E6%98%8E%E6%9C%88%E5%B1%B1%E5%9B%BD%E5%AE%B6%E6%A3%AE%E6%9E%97%E5%85%AC%E5%9B%AD" style="color: rgb(58, 127, 222); text-decoration: none;">明月山国家森林公园</a>”（面积约136平方千米）。武功山主峰<a href="https://wapbaike.baidu.com/item/%E7%99%BD%E9%B9%A4%E5%B3%B0" style="color: rgb(58, 127, 222); text-decoration: none;">白鹤峰</a>（金顶）海拔1918.3米。自汉晋起，武功山被道佛两家择为修身养性之洞天福地，明朝时香火达到鼎盛时期，山南山北建进了庵、堂、寺、观达100多处。自唐宋以来，诸多仰慕其名而登山游赏吟诗作赋的名人学士络绎不绝。武功山有山岳型国家重点风景名胜区、<a href="https://wapbaike.baidu.com/item/%E5%9B%BD%E5%AE%B6AAAA%E7%BA%A7%E6%97%85%E6%B8%B8%E6%99%AF%E5%8C%BA" style="color: rgb(58, 127, 222); text-decoration: none;">国家AAAA级旅游景区</a>、<a href="https://wapbaike.baidu.com/item/%E5%9B%BD%E5%AE%B6%E7%BA%A7%E9%A3%8E%E6%99%AF%E5%90%8D%E8%83%9C%E5%8C%BA" style="color: rgb(58, 127, 222); text-decoration: none;">国家级风景名胜区</a>、<a href="https://wapbaike.baidu.com/item/%E5%9B%BD%E5%AE%B6%E6%A3%AE%E6%9E%97%E5%85%AC%E5%9B%AD" style="color: rgb(58, 127, 222); text-decoration: none;">国家森林公园</a>、<a href="https://wapbaike.baidu.com/item/%E5%9B%BD%E5%AE%B6%E5%9C%B0%E8%B4%A8%E5%85%AC%E5%9B%AD" style="color: rgb(58, 127, 222); text-decoration: none;">国家地质公园</a>、<a href="https://wapbaike.baidu.com/item/%E5%9B%BD%E5%AE%B6%E8%87%AA%E7%84%B6%E9%81%97%E4%BA%A7" style="color: rgb(58, 127, 222); text-decoration: none;">国家自然遗产</a>、中国青少年户外体育运动营地等。</p><p style="margin-top: 0px; margin-bottom: 0px; color: rgb(63, 63, 63); font-family: Helvetica, sans-serif; white-space: normal; background-color: rgb(255, 255, 255);">2009年，武功山被<a href="https://wapbaike.baidu.com/item/%E4%B8%AD%E5%9B%BD%E5%9B%BD%E5%AE%B6%E5%9C%B0%E7%90%86" style="color: rgb(58, 127, 222); text-decoration: none;">中国国家地理</a>评为中国十大“非著名”山峰之一。2017年1月，江西省出台《武功山经营管理体制改革方案》，明确将对武功山进行统一规划、统一整合、统一经营。</p><p><br/></p>', '70元'),
(6, '仙女湖', '新余市', '江西省新余市西南郊16公里处', '<p>仙女湖风景名胜区是国家重点风景名胜区，位于江西省西部的新余市，因东晋文学家干宝的《搜神记》中“毛衣女”下凡豫章新喻县的神话传说而得名。仙女湖地处江西省“三清山—龙虎山—南昌—仙女湖—萍乡”和“庐山—鄱阳湖—南昌—仙女湖—井冈山—赣州”两条旅游线路的交汇点，区位条件优越。</p><p>仙女湖风景名胜区分为舞龙湖景区、钟山峡景区、钤阳湖景区、大岗山景区、九龙湾景区五个部分。这里人文荟萃，有古溶洞、古建筑、水下古城、古墓、石刻、古代名著、革命历史遗址、渔家风情等人文景观。《天仙配》有文字记载的最早神话传说、江西第一个状元卢肇、明朝权相严嵩、古代科技巨著《天工开物》、现代国画大师傅抱石等就诞生在这里；这里气候宜人，仙女湖是典型的亚热带气候，四季分明，日照充足，雨量充沛，无霜期长，年平均气温 17 ℃左右。这里风光秀美，仙女湖最大的特点是：青山绿水、山水相映、水天一色。有植物230科、 3000多种，其中名贵树种200多种，森林覆盖率达95%以上。水质达地表水二级标准，能见度达2米以上，良好的生态环境滋养了众多的动物，有鹿、狐、猴等兽类动物37种，鹰、隼、雁、白鹭、斑鸠等鸟类动物39种。每到清晨与傍晚，都能见到湖光山色之间百鸟翔集的美景，是人、动物和大自然和谐共处的天堂。</p><p style="text-align: center;"><img src="https://gss0.baidu.com/6b1IcTe9R1gBo1vgoIiO_jowehsv/maps/services/thumbnails?width=525&height=295&quality=100&align=middle,middle&src=http://gss0.baidu.com/7LsWdDW5_xN3otqbppnN2DJv/lvpics/pic/item/54fbb2fb43166d22eea3b546442309f79152d208.jpg" alt="仙女湖图片"/></p>', '160元'),
(7, '仙女湖', '新余市', '江西省新余市西南郊16公里处', '<p>仙女湖风景名胜区是国家重点风景名胜区，位于江西省西部的新余市，因东晋文学家干宝的《搜神记》中“毛衣女”下凡豫章新喻县的神话传说而得名。仙女湖地处江西省“三清山—龙虎山—南昌—仙女湖—萍乡”和“庐山—鄱阳湖—南昌—仙女湖—井冈山—赣州”两条旅游线路的交汇点，区位条件优越。</p><p>仙女湖风景名胜区分为舞龙湖景区、钟山峡景区、钤阳湖景区、大岗山景区、九龙湾景区五个部分。这里人文荟萃，有古溶洞、古建筑、水下古城、古墓、石刻、古代名著、革命历史遗址、渔家风情等人文景观。《天仙配》有文字记载的最早神话传说、江西第一个状元卢肇、明朝权相严嵩、古代科技巨著《天工开物》、现代国画大师傅抱石等就诞生在这里；这里气候宜人，仙女湖是典型的亚热带气候，四季分明，日照充足，雨量充沛，无霜期长，年平均气温 17 ℃左右。这里风光秀美，仙女湖最大的特点是：青山绿水、山水相映、水天一色。有植物230科、 3000多种，其中名贵树种200多种，森林覆盖率达95%以上。水质达地表水二级标准，能见度达2米以上，良好的生态环境滋养了众多的动物，有鹿、狐、猴等兽类动物37种，鹰、隼、雁、白鹭、斑鸠等鸟类动物39种。每到清晨与傍晚，都能见到湖光山色之间百鸟翔集的美景，是人、动物和大自然和谐共处的天堂。</p><p style="text-align: center;"><img src="https://gss0.baidu.com/6b1IcTe9R1gBo1vgoIiO_jowehsv/maps/services/thumbnails?width=525&height=295&quality=100&align=middle,middle&src=http://gss0.baidu.com/7LsWdDW5_xN3otqbppnN2DJv/lvpics/pic/item/54fbb2fb43166d22eea3b546442309f79152d208.jpg" alt="仙女湖图片"/></p>', '160元');

-- --------------------------------------------------------

--
-- 表的结构 `tips`
--

CREATE TABLE IF NOT EXISTS `tips` (
  `tips_id` int(4) NOT NULL AUTO_INCREMENT,
  `tips_title` varchar(50) NOT NULL,
  `tags` varchar(50) NOT NULL,
  `tips_author` varchar(50) NOT NULL,
  `tips_time` datetime NOT NULL,
  `tips_content` text NOT NULL,
  PRIMARY KEY (`tips_id`)
) ENGINE=InnoDB  DEFAULT CHARSET=utf8 AUTO_INCREMENT=16 ;

--
-- 转存表中的数据 `tips`
--

INSERT INTO `tips` (`tips_id`, `tips_title`, `tags`, `tips_author`, `tips_time`, `tips_content`) VALUES
(1, '清明将至，不如相约去赏油菜花？', '婺源，油菜花', 'admin', '2017-03-12 16:36:16', '<p><span style="color: rgb(51, 51, 51); font-family: &quot;Helvetica Neue&quot;, Helvetica, Arial, sans-serif; font-size: 14px; background-color: rgb(255, 255, 255);">3-4月间油菜花开时是游览婺源的最佳时节，其它季节亦适合。桃花、洁白的梨花点缀在漫山遍野金黄色的油菜花中，掩映着白墙灰瓦的徽派建筑，是婺源最亮眼的景色。夏季的婺源一片绿色且不热，可以在此避暑的同时游览景色。秋季为丰收的季节，晨雾缭绕，但是早晚温差大要适当带衣物。冬天的婺源不太冷，亦宁静许多，可以体会独自旅游的悠然自在感，但要记得做好防冻措施。</span></p><p><span style="background-color: rgb(255, 255, 255); color: rgb(51, 51, 51); font-family: &quot;Helvetica Neue&quot;, Helvetica, Arial, sans-serif; font-size: 14px;"></span></p><p><span style="background-color: rgb(255, 255, 255); color: rgb(51, 51, 51); font-family: &quot;Helvetica Neue&quot;, Helvetica, Arial, sans-serif; font-size: 14px;">婺源为江西上饶市下属县城，位于江西省东北部、上饶市北部，是古徽州六县之一，也是徽州文化的发祥地之一。 婺源素有“书乡”、“茶乡”之称，被外界誉为“中国最美的乡村”、“一颗镶嵌在最有名的是油菜花和徽派建筑，其乡村之美，在于浑然天成的和谐。“青山向晚盈轩翠，碧水含春傍槛流”。村村是画，步步皆景。山水间飘渺着的朦胧雾纱、古意盎然的民居、石径、廊桥，青山绿水环绕其间，全然剔透着一派水墨丹青的韵味。 婺源的景点围绕其村落展开，最有名的是油菜花和徽派建筑，其乡村之美，在于浑然天成的和谐。</span><br/></p><p><span style="background-color: rgb(255, 255, 255); color: rgb(51, 51, 51); font-family: &quot;Helvetica Neue&quot;, Helvetica, Arial, sans-serif; font-size: 14px;"><br/></span></p><p><span style="color: rgb(51, 51, 51); font-family: &quot;Helvetica Neue&quot;, Helvetica, Arial, sans-serif; font-size: 14px; background-color: rgb(255, 255, 255);">3-4月间梯田上黄灿灿的油菜花，江岭村便是婺源看油菜花的最佳地点，油菜花与徽派民居相呼应，描绘出一幅清丽的田园画卷。 现在，婺源旅游已形成东、西、北三条旅游精品线路，游客可在不同线路的景区体验婺源温婉的山水小镇景色与其深厚的徽州文化。精品三线中，东线主要景区有江湾、篁岭、李坑、汪口、晓起、江岭、庆源。江岭的油菜花最具特色，江湾则以古老的徽派建筑及秀丽的山水风景为最，徽派建筑的代表村落和有明清民居的晓起皆有宁静古朴之感。在婺源县海拔1260米的石耳中的一个有五百年历史的幽静山村篁岭，更为东线增添了一份沉淀。西线是婺源良好生态环境的浓缩，鸳鸯湖景区是世界最大的野生鸳鸯栖息地，湖光山色。文公山风景区是文化与生态并重的江南文化名山，因山腰葬有朱熹（文公）祖墓，故名文公山。北线景区以原汁原味的明清古村落和田园自然风光为主。思溪延村、长滩摄影地、彩虹桥、灵岩洞、大鄣山卧龙谷等景点都是自古以来文人墨客会聚之地，可谓物华天宝、人杰地灵。&nbsp;</span></p><p><span style="color: rgb(51, 51, 51); font-family: &quot;Helvetica Neue&quot;, Helvetica, Arial, sans-serif; font-size: 14px; background-color: rgb(255, 255, 255);"><br/></span></p><p><strong><span style="color: rgb(51, 51, 51); font-family: &quot;Helvetica Neue&quot;, Helvetica, Arial, sans-serif; font-size: 14px; background-color: rgb(255, 255, 255);">到达与离开：</span></strong></p><p style="text-indent: 2em;"><span style="color: rgb(51, 51, 51); font-family: &quot;Helvetica Neue&quot;, Helvetica, Arial, sans-serif; font-size: 14px; background-color: rgb(255, 255, 255);">合福高铁已经于2015年6月28日开通，设有婺源站。每天有近30班高铁停靠婺源。北上广以及合肥、福州、厦门、济南、天津等城市均可通过高铁直达婺源。</span></p><p style="text-indent: 2em;"><span style="color: rgb(51, 51, 51); font-family: &quot;Helvetica Neue&quot;, Helvetica, Arial, sans-serif; font-size: 14px; background-color: rgb(255, 255, 255);">若选择飞机的话，可飞至景德镇机场、南昌机场、衢州机场、黄山机场等，再转乘发往婺源的大巴。&nbsp;</span></p><p style="text-indent: 2em;"><span style="color: rgb(51, 51, 51); font-family: &quot;Helvetica Neue&quot;, Helvetica, Arial, sans-serif; font-size: 14px; background-color: rgb(255, 255, 255);">如果选择火车的话，建议到景德镇、九江、南昌、上饶、黄山、衢州等地，再转车至婺源。 从南昌、上饶、景德镇等地坐汽车前往婺源也相当方便。</span></p><p style="text-indent: 2em;"><span style="color: rgb(51, 51, 51); font-family: &quot;Helvetica Neue&quot;, Helvetica, Arial, sans-serif; font-size: 14px; background-color: rgb(255, 255, 255);">婺源景点多而分散，自驾游也是一种不错的选择。自驾游也多半会从景德镇、上饶、黄山、衢州等地入境婺源，路况良好。</span></p><p><span style="color: rgb(51, 51, 51); font-family: &quot;Helvetica Neue&quot;, Helvetica, Arial, sans-serif; font-size: 14px; background-color: rgb(255, 255, 255);"><br/></span></p><p><strong><span style="color: rgb(51, 51, 51); font-family: &quot;Helvetica Neue&quot;, Helvetica, Arial, sans-serif; font-size: 14px; background-color: rgb(255, 255, 255);">建议游玩：</span></strong><span style="color: rgb(51, 51, 51); font-family: &quot;Helvetica Neue&quot;, Helvetica, Arial, sans-serif; font-size: 14px; background-color: rgb(255, 255, 255);">1-2天&nbsp;</span></p><p><strong><span style="color: rgb(51, 51, 51); font-family: &quot;Helvetica Neue&quot;, Helvetica, Arial, sans-serif; font-size: 14px; background-color: rgb(255, 255, 255);">门票：</span></strong></p><p style="text-indent: 2em;"><span style="color: rgb(51, 51, 51); font-family: &quot;Helvetica Neue&quot;, Helvetica, Arial, sans-serif; font-size: 14px; background-color: rgb(255, 255, 255);">江岭、晓起、汪口 、李坑、卧龙谷、灵岩洞、思溪延村、彩虹桥、严田、文公山、鸳鸯湖、百柱宗祠、石城等14个景点均为：60.00元&nbsp;</span></p><p style="text-indent: 2em;"><span style="color: rgb(51, 51, 51); font-family: &quot;Helvetica Neue&quot;, Helvetica, Arial, sans-serif; font-size: 14px; background-color: rgb(255, 255, 255);">江湾：120.00元&nbsp;</span></p><p style="text-indent: 2em;"><span style="color: rgb(51, 51, 51); font-family: &quot;Helvetica Neue&quot;, Helvetica, Arial, sans-serif; font-size: 14px; background-color: rgb(255, 255, 255);">理坑：60.00元&nbsp;</span></p><p style="text-indent: 2em;"><span style="color: rgb(51, 51, 51); font-family: &quot;Helvetica Neue&quot;, Helvetica, Arial, sans-serif; font-size: 14px; background-color: rgb(255, 255, 255);">清风洞：55.00元&nbsp;</span></p><p style="text-indent: 2em;"><span style="color: rgb(51, 51, 51); font-family: &quot;Helvetica Neue&quot;, Helvetica, Arial, sans-serif; font-size: 14px; background-color: rgb(255, 255, 255);">五龙源漂流：168.00元&nbsp;</span></p><p style="text-indent: 2em;"><span style="color: rgb(51, 51, 51); font-family: &quot;Helvetica Neue&quot;, Helvetica, Arial, sans-serif; font-size: 14px; background-color: rgb(255, 255, 255);">丛溪漂流：80.00元&nbsp;</span></p><p style="text-indent: 2em;"><span style="color: rgb(51, 51, 51); font-family: &quot;Helvetica Neue&quot;, Helvetica, Arial, sans-serif; font-size: 14px; background-color: rgb(255, 255, 255);">篁岭:110.00元&nbsp;</span></p><p style="text-indent: 2em;"><span style="color: rgb(51, 51, 51); font-family: &quot;Helvetica Neue&quot;, Helvetica, Arial, sans-serif; font-size: 14px; background-color: rgb(255, 255, 255);">婺源联票：210.00元&nbsp;</span></p><p><strong><span style="color: rgb(51, 51, 51); font-family: &quot;Helvetica Neue&quot;, Helvetica, Arial, sans-serif; font-size: 14px; background-color: rgb(255, 255, 255);">Tips：</span></strong><span style="color: rgb(51, 51, 51); font-family: &quot;Helvetica Neue&quot;, Helvetica, Arial, sans-serif; font-size: 14px; background-color: rgb(255, 255, 255);">联票含江岭、晓起、江湾、汪口 、李坑、卧龙谷、灵岩洞、思溪延村、彩虹桥、严田、文公山、鸳鸯湖、百柱宗祠、石城14个景点，有效时间为五天。&nbsp;</span></p><p><strong><span style="color: rgb(51, 51, 51); font-family: &quot;Helvetica Neue&quot;, Helvetica, Arial, sans-serif; font-size: 14px; background-color: rgb(255, 255, 255);">开放时间：</span></strong></p><p style="text-indent: 2em;"><span style="color: rgb(51, 51, 51); font-family: &quot;Helvetica Neue&quot;, Helvetica, Arial, sans-serif; font-size: 14px; background-color: rgb(255, 255, 255);">旺季（3月1日~11月31日）：08:00~18:00&nbsp;</span></p><p style="text-indent: 2em;"><span style="color: rgb(51, 51, 51); font-family: &quot;Helvetica Neue&quot;, Helvetica, Arial, sans-serif; font-size: 14px; background-color: rgb(255, 255, 255);">淡季（12月1日~2月28日）：08:00~17:30&nbsp;</span></p><p><strong><span style="color: rgb(51, 51, 51); font-family: &quot;Helvetica Neue&quot;, Helvetica, Arial, sans-serif; font-size: 14px; background-color: rgb(255, 255, 255);">地址：</span></strong><span style="color: rgb(51, 51, 51); font-family: &quot;Helvetica Neue&quot;, Helvetica, Arial, sans-serif; font-size: 14px; background-color: rgb(255, 255, 255);">江西省上饶市北部&nbsp;</span></p><p><strong><span style="color: rgb(51, 51, 51); font-family: &quot;Helvetica Neue&quot;, Helvetica, Arial, sans-serif; font-size: 14px; background-color: rgb(255, 255, 255);">电话：</span></strong><span style="color: rgb(51, 51, 51); font-family: &quot;Helvetica Neue&quot;, Helvetica, Arial, sans-serif; font-size: 14px; background-color: rgb(255, 255, 255);">0793-7343605</span></p>'),
(10, '手机轻旅拍：手机旅拍3招实战技巧', '摄影，技巧', 'admin', '2017-04-07 08:56:59', '<p style="text-align: left;"><span style="font-size: 14px;"><span style="color: rgb(153, 153, 153); font-family: &quot;Microsoft YaHei&quot;; font-size: 14px; letter-spacing: 2px; background-color: rgb(245, 245, 245);">举起手机拍摄是一件再简单不过的事情，可是我们依然会听到这样的惊叹：“这怎么可能是用手机拍摄出来的？”选取场景，按下快门，进行后期，在旅行中用手机拍摄看似简单，但其中包含了不少小技巧。灵活运用这些技巧，就会让你握于掌间的方寸屏幕焕发出不一样的生机来。</span></span></p><p style="text-align: left;"><span style="font-size: 14px;"><br/></span></p><p style="text-align: left;"><span style="font-size: 14px;"></span></p><h3 style="box-sizing: border-box; font-weight: 400; font-size: 16px; margin: 0px 0px 10px; font-family: &quot;Microsoft YaHei&quot;; color: rgb(128, 128, 128); white-space: normal; background-color: rgb(255, 255, 255);"><span style="box-sizing: border-box; color: rgb(0, 0, 0);"><strong style="box-sizing: border-box;"><span style="box-sizing: border-box; color: rgb(255, 0, 0);">参数</span>&nbsp;灵活控制拍摄参数</strong></span></h3><p style="box-sizing: border-box; margin-top: 0px; margin-bottom: 1em; color: rgb(128, 128, 128); font-family: &quot;Microsoft YaHei&quot;; font-size: 14px; white-space: normal; background-color: rgb(255, 255, 255);"><strong style="box-sizing: border-box;">在暗光、弱光的光线条件下，ISO应设置为能保持你手持的安全快门速度的最低限度。</strong></p><p style="box-sizing: border-box; margin-top: 0px; margin-bottom: 1em; color: rgb(128, 128, 128); font-family: &quot;Microsoft YaHei&quot;; font-size: 14px; white-space: normal; background-color: rgb(255, 255, 255);">一般情况下，我不会特别关注手机摄影的曝光参数，拍摄时基本上是根据想要的画面选择不同的曝光来测定对象的。因为人物拍摄得比较多，所以大多数情况下，我都是对人物的脸部进行测光，以保证最重要的部分曝光准确。同时，手机镜头的光圈都是固定的，只能靠快门来平衡曝光，所以拍摄者自己调整曝光参数的空间可以说是很小的。</p><p style="box-sizing: border-box; margin-top: 0px; margin-bottom: 1em; color: rgb(128, 128, 128); font-family: &quot;Microsoft YaHei&quot;; font-size: 14px; white-space: normal; background-color: rgb(255, 255, 255);">手机摄影在高感方面毋庸置疑是个短板，如果使用高的ISO，照片的品质必定会很差。所以说，实际上暗光摄影是手机摄影势必无法胜任的，已经完全超出了它的能力范围。我所使用的苹果手机系统自带相机好像没有调整ISO或是快门这样的选项，不过听说在有些手机摄影APP中，可以单独选择ISO或快门进行调整。一般情况下，当我需要去考虑在ISO和快门之间如何平衡时，都是在光线很暗的情况下，这时如果拍摄静止对象，可以选择低ISO，以及慢速快门，不过前提是必须要用三脚架。如果是拍摄动态的对象，那么就要考虑快门速度是否能够凝固住那一瞬间。选择高ISO确实能够提高快门速度，但是当ISO高到一定程度时，图片质量就会大幅下降。所以在暗光以及弱光的光线条件下，为了得到尽可能好的成像效果，ISO应设置为能保持你手持的安全快门速度的最低限度。</p><p style="text-align: center;"><img src="/travelWeb/Public/upload/image/20170407/1491526215100608.jpg" alt=" 瓦拉纳希是印度教的圣地，每天都有成千上万的教徒来到这里的恒河边沐浴祈福，因此这里也是游客聚集最多的地方"/></p><p><span style="background-color: rgb(51, 51, 51); color: rgb(247, 247, 247); font-family: &quot;Microsoft YaHei&quot;; font-size: 14px; letter-spacing: 1px;">瓦拉纳希是印度教的圣地，每天都有成千上万的教徒来到这里的恒河边沐浴祈福，因此这里也是游客聚集最多的地方</span></p><p><span style="background-color: rgb(51, 51, 51); color: rgb(247, 247, 247); font-family: &quot;Microsoft YaHei&quot;; font-size: 14px; letter-spacing: 1px;"><br/></span></p><p><br/></p><h3 style="box-sizing: border-box; font-weight: 400; font-size: 16px; margin: 0px 0px 10px; font-family: &quot;Microsoft YaHei&quot;; color: rgb(128, 128, 128); white-space: normal; background-color: rgb(255, 255, 255);"><span style="box-sizing: border-box; color: rgb(0, 0, 0);"><strong style="box-sizing: border-box;"><span style="box-sizing: border-box; color: rgb(255, 0, 0);">抓拍</span>&nbsp;抓拍与沟通生动人物状态</strong></span></h3><p style="box-sizing: border-box; margin-top: 0px; margin-bottom: 1em; color: rgb(128, 128, 128); font-family: &quot;Microsoft YaHei&quot;; font-size: 14px; white-space: normal; background-color: rgb(255, 255, 255);"><strong style="box-sizing: border-box;">如果在拍摄中碰到了干扰主体的背景时，我们可以通过变换机位尽量来避免，同时也可以再靠近主体，让其在画面中占更大的比例。</strong></p><p style="box-sizing: border-box; margin-top: 0px; margin-bottom: 1em; color: rgb(128, 128, 128); font-family: &quot;Microsoft YaHei&quot;; font-size: 14px; white-space: normal; background-color: rgb(255, 255, 255);">谈到如何拍摄儿童，儿童的天性是活泼而且爱动的，特别是在你要拍摄他们时更是如此，这势必会给手机拍摄带来一定的困难，因为手机的对焦和快门响应速度较慢，往往等你按下快门，好的瞬间已经过去。不过我们如果选择使用高速连拍的方式来拍摄，就可以很好地解决这个问题。</p><p style="box-sizing: border-box; margin-top: 0px; margin-bottom: 1em; color: rgb(128, 128, 128); font-family: &quot;Microsoft YaHei&quot;; font-size: 14px; white-space: normal; background-color: rgb(255, 255, 255);">相对于儿童来说，老人行动就会比较迟缓，拍摄时容易得多，而且也易于沟通。拍摄老人时，抓取他们的表情神态是重点，如果能很好地拍摄下来那些岁月留下的痕迹，会使你的照片更加生动且具有感染力。</p><p style="box-sizing: border-box; margin-top: 0px; margin-bottom: 1em; color: rgb(128, 128, 128); font-family: &quot;Microsoft YaHei&quot;; font-size: 14px; white-space: normal; background-color: rgb(255, 255, 255);">妇女的拍摄则相对要困难一些，因为许多女性容易害羞，一看你在拍摄她们，就会笑着跑开，或者左右躲闪，有些更是会直接拒绝，对于拒绝拍摄的女性绝对不能强行拍摄。所以在拍摄之前要做一些沟通。不过有时沟通过后，她们的表情会不太自然，那么这时偷拍也是一种不错的选择。</p><p style="box-sizing: border-box; margin-top: 0px; margin-bottom: 1em; color: rgb(128, 128, 128); font-family: &quot;Microsoft YaHei&quot;; font-size: 14px; white-space: normal; background-color: rgb(255, 255, 255);">被摄主体的背景我们是无法选择的，有时它能够突出主体，有时也会让被摄对象淹没其中。如果碰到干扰主体的背景时，我们可以通过变换机位尽量来避免，也可以再靠近主体，让其在画面中占更大的比例。背景和被摄体有内在联系的，就要在构图上下功夫，要能体现两者之间关系，主次分明，更好的交代画面故事。</p><p><img class="size-full wp-image-439175" alt="印度教徒有在恒河里沐浴祈福的习俗。照片里的老人沐浴完后在更衣，天很冷，但是依然精神矍铄" src="/travelWeb/Public/upload/image/20170407/1491526289219720.jpg" width="750" height="563"/></p><p class="wp-caption-text" style="box-sizing: border-box; margin-top: 0px; margin-bottom: 0px; background-image: initial; background-position: initial; background-size: initial; background-repeat: initial; background-attachment: initial; background-origin: initial; background-clip: initial; padding: 5px 10px 8px; text-align: center; color: rgb(247, 247, 247); letter-spacing: 1px;"><span style="color: rgb(247, 247, 247); font-family: &quot;Microsoft YaHei&quot;; font-size: 14px; letter-spacing: 1px; text-align: center; background-color: rgb(51, 51, 51);">印度教徒有在恒河里沐浴祈福的习俗。照片里的老人沐浴完后在更衣，天很冷，但是依然精神矍铄</span><span style="background-color: rgb(51, 51, 51); color: rgb(247, 247, 247); font-family: &quot;Microsoft YaHei&quot;; font-size: 14px; letter-spacing: 1px;"><br/></span></p><p class="wp-caption-text" style="box-sizing: border-box; margin-top: 0px; margin-bottom: 0px; background-image: initial; background-position: initial; background-size: initial; background-repeat: initial; background-attachment: initial; background-origin: initial; background-clip: initial; padding: 5px 10px 8px; color: rgb(247, 247, 247); letter-spacing: 1px;"><span style="color: rgb(247, 247, 247); font-family: &quot;Microsoft YaHei&quot;; font-size: 14px; letter-spacing: 1px; text-align: center; background-color: rgb(51, 51, 51);"><br/></span></p><h3 style="box-sizing: border-box; font-weight: 400; font-size: 16px; margin: 0px 0px 10px; font-family: &quot;Microsoft YaHei&quot;; color: rgb(128, 128, 128); white-space: normal; background-color: rgb(255, 255, 255);"><span style="box-sizing: border-box; color: rgb(0, 0, 0);"><strong style="box-sizing: border-box;"><span style="box-sizing: border-box; color: rgb(255, 0, 0);">光线</span>&nbsp;巧用光线 捕捉最佳瞬间</strong></span></h3><p style="box-sizing: border-box; margin-top: 0px; margin-bottom: 1em; color: rgb(128, 128, 128); font-family: &quot;Microsoft YaHei&quot;; font-size: 14px; white-space: normal; background-color: rgb(255, 255, 255);"><strong style="box-sizing: border-box;">我们可以通过光线勾勒主体，渲染氛围。手机摄影的用光也要遵循摄影的一般美学规律。</strong></p><p style="box-sizing: border-box; margin-top: 0px; margin-bottom: 1em; color: rgb(128, 128, 128); font-family: &quot;Microsoft YaHei&quot;; font-size: 14px; white-space: normal; background-color: rgb(255, 255, 255);">好瞬间的出现并不一定有什么特定时间，所谓“对的时间”，实际上还要看你想拍摄什么样的画面，同时你还要在“对的地方”。我觉得选择“对的地方”有时甚至比选择“对的时间”还重要。如果找错地方，即使整天待在那里，也没有办法拍摄到好的照片，反之，则要容易得多。所以根据自己想拍的内容，寻找合适的地方，再寻找最佳的时间点。一般我喜欢在早晚时间段拍摄，因为这时的光线最漂亮，天空和地面的反差也不是很大。陷阱式拍摄，是我经常选择的一种方式。选择一个光线好的地方，等待合适的被摄者。这样做的缺点，就是有点被动，有时往往会一无所获。不过如果拍到了，画面会很漂亮。</p><p style="box-sizing: border-box; margin-top: 0px; margin-bottom: 1em; color: rgb(128, 128, 128); font-family: &quot;Microsoft YaHei&quot;; font-size: 14px; white-space: normal; background-color: rgb(255, 255, 255);">摄影中我们可以通过光线勾勒主体，渲染氛围。手机摄影的用光，与相机没有什么不同，都要遵循摄影的一般美学规律。侧光、逆光都是人们经常使用的用光方式，在实际拍摄中，能够很好的突出人物，让画面主次分明。但是逆光对焦是不太容易的一件事情，即使相机也同样如此。解决办法是，预先选择一个距离和亮度都相近的物体，对准聚焦，并锁定，然后就可以对准真正要拍摄对像重新构图拍摄，不用再担心无法对焦了。而且保持锁定可以连续拍摄，除非拍摄条件发生变化。</p><p><img class="size-full wp-image-439173" alt="瓦拉纳希的恒河边，人们除了在这里进行宗教活动外，还可以洗衣晒被 " src="/travelWeb/Public/upload/image/20170407/1491526429977682.jpg" width="750" height="563"/></p><p class="wp-caption-text" style="box-sizing: border-box; margin-top: 0px; margin-bottom: 0px; background-image: initial; background-position: initial; background-size: initial; background-repeat: initial; background-attachment: initial; background-origin: initial; background-clip: initial; padding: 5px 10px 8px; text-align: center; color: rgb(247, 247, 247); letter-spacing: 1px;"><span style="color: rgb(247, 247, 247); font-family: &quot;Microsoft YaHei&quot;; font-size: 14px; letter-spacing: 1px; text-align: center; background-color: rgb(51, 51, 51);">瓦拉纳希的恒河边，人们除了在这里进行宗教活动外，还可以洗衣晒被</span></p><p class="wp-caption-text" style="box-sizing: border-box; margin-top: 0px; margin-bottom: 0px; background-image: initial; background-position: initial; background-size: initial; background-repeat: initial; background-attachment: initial; background-origin: initial; background-clip: initial; padding: 5px 10px 8px; color: rgb(247, 247, 247); letter-spacing: 1px;"><br/></p><h3 style="box-sizing: border-box; font-weight: 400; font-size: 16px; margin: 0px 0px 10px; font-family: &quot;Microsoft YaHei&quot;; color: rgb(128, 128, 128); white-space: normal; background-color: rgb(255, 255, 255);"><span style="box-sizing: border-box; color: rgb(255, 0, 0);"><strong style="box-sizing: border-box;">手机摄影是否存在机位秘诀</strong></span></h3><p style="box-sizing: border-box; margin-top: 0px; margin-bottom: 1em; color: rgb(128, 128, 128); font-family: &quot;Microsoft YaHei&quot;; font-size: 14px; white-space: normal; background-color: rgb(255, 255, 255);"><span style="box-sizing: border-box; color: rgb(0, 0, 0);"><strong style="box-sizing: border-box;">拍摄儿童</strong></span></p><p style="box-sizing: border-box; margin-top: 0px; margin-bottom: 1em; color: rgb(128, 128, 128); font-family: &quot;Microsoft YaHei&quot;; font-size: 14px; white-space: normal; background-color: rgb(255, 255, 255);">儿童的天性活泼爱动，特别是在你要拍摄他们时更是如此，这会给手机拍摄带来一定的困难，因为手机的对焦和快门响应速度较慢，往往等你按下快门，好的瞬间已经过去。不过我们使用连拍的方式来拍摄，可以很好地解决这个问题。</p><p style="box-sizing: border-box; margin-top: 0px; margin-bottom: 1em; color: rgb(128, 128, 128); font-family: &quot;Microsoft YaHei&quot;; font-size: 14px; white-space: normal; background-color: rgb(255, 255, 255);"><span style="box-sizing: border-box; color: rgb(0, 0, 0);"><strong style="box-sizing: border-box;">拍摄老人</strong></span></p><p style="box-sizing: border-box; margin-top: 0px; margin-bottom: 1em; color: rgb(128, 128, 128); font-family: &quot;Microsoft YaHei&quot;; font-size: 14px; white-space: normal; background-color: rgb(255, 255, 255);">老人行动迟缓，拍摄时相对容易，而且也易于沟通。抓取他们的表情神态是重点，拍摄那些岁月留下的痕迹，会使你的照片更具有感染力。</p><p style="box-sizing: border-box; margin-top: 0px; margin-bottom: 1em; color: rgb(128, 128, 128); font-family: &quot;Microsoft YaHei&quot;; font-size: 14px; white-space: normal; background-color: rgb(255, 255, 255);"><span style="box-sizing: border-box; color: rgb(0, 0, 0);"><strong style="box-sizing: border-box;">拍摄妇女</strong></span></p><p style="box-sizing: border-box; margin-top: 0px; margin-bottom: 1em; color: rgb(128, 128, 128); font-family: &quot;Microsoft YaHei&quot;; font-size: 14px; white-space: normal; background-color: rgb(255, 255, 255);">妇女的拍摄相对要困难一些，因为许多人会容易害羞，一看你拍摄，就会笑着跑开，或者左右躲闪，有些就是直接拒绝，对于拒绝的就不能强行拍摄。所以在拍摄之前要做一些沟通。不过有时沟通过后，她们的表情会不太自然，那么偷拍也是一种不错的选择。</p><p style="box-sizing: border-box; margin-top: 0px; margin-bottom: 1em; color: rgb(128, 128, 128); font-family: &quot;Microsoft YaHei&quot;; font-size: 14px; white-space: normal; background-color: rgb(255, 255, 255);"><span style="box-sizing: border-box; color: rgb(0, 0, 0);"><strong style="box-sizing: border-box;">拍摄总结</strong></span></p><p style="box-sizing: border-box; margin-top: 0px; margin-bottom: 1em; color: rgb(128, 128, 128); font-family: &quot;Microsoft YaHei&quot;; font-size: 14px; white-space: normal; background-color: rgb(255, 255, 255);">被摄主体的背景我们是无法选择的，有时它能够突出主体，有时也会让被摄对象淹没其中。如果碰到干扰主体的背景时，我们可以通过变换机位尽量来避免，也可以再靠近主体，让其在画面中占更大的比例。</p><p style="box-sizing: border-box; margin-top: 0px; margin-bottom: 1em; color: rgb(128, 128, 128); font-family: &quot;Microsoft YaHei&quot;; font-size: 14px; white-space: normal; background-color: rgb(255, 255, 255);"><br/></p><p style="box-sizing: border-box; margin-top: 0px; margin-bottom: 1em; color: rgb(128, 128, 128); font-family: &quot;Microsoft YaHei&quot;; font-size: 14px; white-space: normal; background-color: rgb(255, 255, 255);"><a href="http://fotomen.cn/2016/08/2011/" target="_self" title="手机轻旅拍 手机旅拍3招实战技巧" style="letter-spacing: 1px; font-family: sans-serif;">文章来自：http://fotomen.cn/2016/08/2011/</a></p>'),
(11, '不可错过的美景 旅行摄影之茫茫冬日', '摄影，技巧', 'admin', '2017-04-03 10:16:33', '<p style="margin-top: 0px; margin-bottom: 15px; padding: 0px; line-height: 30px; color: rgb(51, 51, 51); font-family: &quot;Microsoft YaHei&quot;; white-space: normal;">洁白的雪是<a href="http://bbs.fengniao.com/forum/forum_15.html" class="inner-link" style="text-decoration: none; color: rgb(51, 51, 51); border-bottom: 1px dashed rgb(0, 0, 0);">旅行</a><a href="http://www.fengniao.com/" class="inner-link" style="text-decoration: none; color: rgb(51, 51, 51); border-bottom: 1px dashed rgb(0, 0, 0);">摄影</a>中绝不可错过的美景之一，可是如何拍摄雪景却往往难倒了很多摄影爱好者。如何在大片的白色之中寻找主题、搭配配角，进而拍摄出一张上佳的照片，这个问题我想很多影友都曾经问过。</p><p style="margin-top: 0px; margin-bottom: 15px; padding: 0px; line-height: 30px; color: rgb(51, 51, 51); font-family: &quot;Microsoft YaHei&quot;; white-space: normal;">&nbsp; &nbsp; 其实，办法很多。不同的场景下、不同的主题背景有着不同的拍摄技巧，只需灵活掌握这些技巧，便能拍出精彩的雪景照片。<br/>&nbsp;<br/><strong>1. 选择合适的地方拍摄雪景</strong><br/>&nbsp;<br/>&nbsp; &nbsp; 我们所说的雪景较为广泛，其包括了季节性降下的飞雪，也包括雪山之中常年的积雪。<br/>&nbsp;<br/>&nbsp; &nbsp; 因此，在拍摄雪景之前，我们应该根据这两种雪景的不同，选择合适的地方拍摄。例如在拍摄山顶的雪景时，我们可以从山脚仰视拍摄整座大山，也可以深入山中，拍摄眼前的雪色山景；又例如恰逢冬季降雪，可以选择雪景较为漂亮的地方，通过拍摄技巧选择合适的角度来拍摄。</p><p style="margin-top: 0px; margin-bottom: 15px; padding: 0px; line-height: 30px; color: rgb(51, 51, 51); font-family: &quot;Microsoft YaHei&quot;; white-space: normal; text-align: center;"><a href="http://img2.fengniao.com/g2/M00/05/0C/Cg-4k1dOhSmIXbJ3AAS1FxZk6oUAAH2ZAG48BYABLUv509.png" style="text-decoration: none; color: rgb(51, 51, 51);"><img src="/travelWeb/Public/upload/image/20170416/1492308946105513.png" width="700" height="466" title="旅行摄影之茫茫雪景" alt="旅行摄影之茫茫雪景"/></a></p><p style="margin-top: 0px; margin-bottom: 15px; padding: 0px; line-height: 30px; color: rgb(51, 51, 51); font-family: &quot;Microsoft YaHei&quot;; white-space: normal;">&nbsp; &nbsp; 拍摄山顶积雪时，选择在山脚位置拍摄，可以更为直白地表现山脉整体。</p><p style="margin-top: 0px; margin-bottom: 15px; padding: 0px; line-height: 30px; color: rgb(51, 51, 51); font-family: &quot;Microsoft YaHei&quot;; white-space: normal; text-align: center;"><a href="http://img2.fengniao.com/g2/M00/05/0C/Cg-4kldOhSqIEneCAAhPNyVjO_IAAH2ZAG9pUUACE9P795.png" style="text-decoration: none; color: rgb(51, 51, 51);"><img src="/travelWeb/Public/upload/image/20170416/1492308948523524.png" width="700" height="523" title="旅行摄影之茫茫雪景" alt="旅行摄影之茫茫雪景"/></a></p><p style="margin-top: 0px; margin-bottom: 15px; padding: 0px; line-height: 30px; color: rgb(51, 51, 51); font-family: &quot;Microsoft YaHei&quot;; white-space: normal;">&nbsp; &nbsp; 选择一些较为偏僻、不能及时充电的地方拍摄雪景时，应尽量多携带几块电池，确保拍摄时电量充足。<br/>&nbsp;<br/><strong>2.城市中的雪景</strong><br/>&nbsp;<br/>&nbsp; &nbsp; 对于喜欢雪的人来说，每当城市被皑皑白雪覆盖，仿佛城市会开口说话，诉说着它的过往。此时此刻，茫茫的白雪也像是在追忆着往事，就如同很多人说的，南京下雪以后会变成金陵，西安雪后变成长安一般。<br/>&nbsp;<br/>&nbsp; &nbsp; 在城市雪景拍摄，最为常见的主体便是街道、建筑，以及雪中拍摄人像、宠物等。<br/>&nbsp;<br/>&nbsp; &nbsp; 另外，如果恰逢春节还可以在傍晚时拍摄街道边的新年元素，如红色灯笼等。<br/>&nbsp;<br/>&nbsp; &nbsp; 另外，在城市拍摄时，为了使照片更加漂亮，我们还会选择在古建筑比较集中的地方拍摄。<br/>&nbsp;<br/>&nbsp; &nbsp; 城市拍摄建筑，取景尤为重要。即便是在同一个地方，取景的不同也会导致画面完全不同的视觉效果。所以，在这些比较熟悉的地方拍摄雪景，我们应该换个角度，用以往不一样的视角来观察拍摄。<br/>&nbsp;<br/>&nbsp; &nbsp; 白雪可以让整个世界都是白茫茫一片，在没有鲜艳色彩的情况下，城市会变成黑白灰，这也为城市增添了几分历史的味道。我们可以充分借助白雪的这一特点，增加照片的艺术效果。</p><p style="margin-top: 0px; margin-bottom: 15px; padding: 0px; line-height: 30px; color: rgb(51, 51, 51); font-family: &quot;Microsoft YaHei&quot;; white-space: normal; text-align: center;"><a href="http://img2.fengniao.com/g2/M00/05/0C/Cg-4kldOhVmICtPvAAOfREBzMHAAAH2ZAKMEN8AA59c666.jpg" style="text-decoration: none; color: rgb(51, 51, 51);"><img src="/travelWeb/Public/upload/image/20170416/1492308948533766.jpg" width="700" height="444" title="旅行摄影之茫茫雪景" alt="旅行摄影之茫茫雪景"/></a></p><p style="margin-top: 0px; margin-bottom: 15px; padding: 0px; line-height: 30px; color: rgb(51, 51, 51); font-family: &quot;Microsoft YaHei&quot;; white-space: normal;">&nbsp; &nbsp; 下雪之后，整个城市都变成了暗色调，历史感和沧桑感很浓烈。</p><p style="margin-top: 0px; margin-bottom: 15px; padding: 0px; line-height: 30px; color: rgb(51, 51, 51); font-family: &quot;Microsoft YaHei&quot;; white-space: normal; text-align: center;"><a href="http://img2.fengniao.com/g2/M00/05/0C/Cg-4k1dOhVqIH5Y_AANtn_SMYiAAAH2ZAKPsDsAA223357.png" style="text-decoration: none; color: rgb(51, 51, 51);"><img src="/travelWeb/Public/upload/image/20170416/1492308949683775.png" width="700" height="373" title="旅行摄影之茫茫雪景" alt="旅行摄影之茫茫雪景"/></a></p><p style="margin-top: 0px; margin-bottom: 15px; padding: 0px; line-height: 30px; color: rgb(51, 51, 51); font-family: &quot;Microsoft YaHei&quot;; white-space: normal;">&nbsp; &nbsp; 在下过雪的午后，天气虽然没有完全放晴，但是在柔和的光线下拍摄这些色彩较为绚丽的建筑，照片会显得更加唯美</p><p><a style="color: rgb(51, 51, 51); font-family: &quot;Microsoft YaHei&quot;; font-size: 12px; white-space: normal;"></a></p><p style="margin-top: 0px; margin-bottom: 15px; padding: 0px; line-height: 30px; color: rgb(51, 51, 51); font-family: &quot;Microsoft YaHei&quot;; white-space: normal;"><strong>3.增加曝光补偿让雪景更白</strong></p><p style="margin-top: 0px; margin-bottom: 15px; padding: 0px; line-height: 30px; color: rgb(51, 51, 51); font-family: &quot;Microsoft YaHei&quot;; white-space: normal;">&nbsp; &nbsp; 通常在拍摄雪景时，我们会遵守“白加黑减”的拍摄原理。<br/>&nbsp;<br/>&nbsp; &nbsp; 所谓“白加黑减”，是指在拍摄雪景这些颜色较为亮白的主体场景时，我们会增加曝光补偿，从而使照片中场景看起来更亮一些，主体也能得到更好地表现。<br/>&nbsp;<br/>&nbsp; &nbsp; 不过，值得注意的是，曝光补偿增加要适度，避免过分增加曝光补偿导致照片的细节丢失。</p><p style="margin-top: 0px; margin-bottom: 15px; padding: 0px; line-height: 30px; color: rgb(51, 51, 51); font-family: &quot;Microsoft YaHei&quot;; white-space: normal; text-align: center;"><a href="http://img2.fengniao.com/g1/M00/07/F0/Cg-4q1dOhoaIH7AyAAZpiCq7s9IAAScbAL4PDYABmmg405.png" style="text-decoration: none; color: rgb(51, 51, 51);"><img src="/travelWeb/Public/upload/image/20170416/1492308949105617.png" width="700" height="464" title="旅行摄影之茫茫雪景" alt="旅行摄影之茫茫雪景"/></a></p><p style="margin-top: 0px; margin-bottom: 15px; padding: 0px; line-height: 30px; color: rgb(51, 51, 51); font-family: &quot;Microsoft YaHei&quot;; white-space: normal;">&nbsp; &nbsp; 适当增加曝光补偿，照片中的雪景更加亮白，也不至于丢失细节。</p><p style="margin-top: 0px; margin-bottom: 15px; padding: 0px; line-height: 30px; color: rgb(51, 51, 51); font-family: &quot;Microsoft YaHei&quot;; white-space: normal; text-align: center;"><a href="http://img2.fengniao.com/g1/M00/07/F0/Cg-4rFdOhoaIMkJKAAOOpzCKT9EAAScbAL-pdYAA46_232.png" style="text-decoration: none; color: rgb(51, 51, 51);"><img src="/travelWeb/Public/upload/image/20170416/1492308950455706.png" width="700" height="466" title="旅行摄影之茫茫雪景" alt="旅行摄影之茫茫雪景"/></a></p><p style="margin-top: 0px; margin-bottom: 15px; padding: 0px; line-height: 30px; color: rgb(51, 51, 51); font-family: &quot;Microsoft YaHei&quot;; white-space: normal;">&nbsp; &nbsp; 在拍摄雪景时，适当增加曝光补偿，照片中整体更显高调、亮白。<br/>&nbsp;<br/><strong>4.逆光拍摄雪粒的质感</strong><br/>&nbsp;<br/>&nbsp; &nbsp; 雪景摄影之中，光线如何运用也直接影响着照片的整体视觉感受。例如逆光或者侧逆光拍摄下，雪景会受到光影作用 影响，颗粒感更加明显，照片要比顺光拍摄更显质感。</p><p style="margin-top: 0px; margin-bottom: 15px; padding: 0px; line-height: 30px; color: rgb(51, 51, 51); font-family: &quot;Microsoft YaHei&quot;; white-space: normal; text-align: center;"><a href="http://img2.fengniao.com/g2/M00/05/0C/Cg-4kldOhtiIAH3PAAzeXgQdXXsAAH2ZQHHZnEADN52365.png" style="text-decoration: none; color: rgb(51, 51, 51);"><img src="/travelWeb/Public/upload/image/20170416/1492308951286935.png" width="700" height="1005" title="旅行摄影之茫茫雪景" alt="旅行摄影之茫茫雪景"/></a></p><p style="margin-top: 0px; margin-bottom: 15px; padding: 0px; line-height: 30px; color: rgb(51, 51, 51); font-family: &quot;Microsoft YaHei&quot;; white-space: normal;">&nbsp; &nbsp; 有时，逆光拍摄雪景也是不错的选择。<br/>&nbsp;<br/><strong>5.改变白平衡拍摄蓝调雪景</strong></p><p style="margin-top: 0px; margin-bottom: 15px; padding: 0px; line-height: 30px; color: rgb(51, 51, 51); font-family: &quot;Microsoft YaHei&quot;; white-space: normal; text-align: center;"><a href="http://img2.fengniao.com/g1/M00/07/F0/Cg-4rFdOhwyIUcfBAAZvQe1TgsUAAScbQBzZakABm9Z128.png" style="text-decoration: none; color: rgb(51, 51, 51);"><img src="/travelWeb/Public/upload/image/20170416/1492308951138157.png" width="700" height="433" title="旅行摄影之茫茫雪景" alt="旅行摄影之茫茫雪景"/></a></p><p style="margin-top: 0px; margin-bottom: 15px; padding: 0px; line-height: 30px; color: rgb(51, 51, 51); font-family: &quot;Microsoft YaHei&quot;; white-space: normal;">&nbsp; &nbsp; 选择钨丝灯白平衡，可以营造出一种蓝调氛围的雪景照片。</p><p><a style="color: rgb(51, 51, 51); font-family: &quot;Microsoft YaHei&quot;; font-size: 12px; white-space: normal;"></a></p><p style="margin-top: 0px; margin-bottom: 15px; padding: 0px; line-height: 30px; color: rgb(51, 51, 51); font-family: &quot;Microsoft YaHei&quot;; white-space: normal;"><strong>6.拍摄漫天飞舞的雪花</strong></p><p style="margin-top: 0px; margin-bottom: 15px; padding: 0px; line-height: 30px; color: rgb(51, 51, 51); font-family: &quot;Microsoft YaHei&quot;; white-space: normal;">&nbsp; &nbsp; 很多人都热爱拍摄漫天飞舞的雪花。<br/>&nbsp;<br/>&nbsp; &nbsp; 众所周知，雪花颜色亮白且形状通常较小，若是背景颜色较浅较亮，雪花就很难被清晰地呈现出来。因此，在拍摄这种场景时，我们多选择深色背景进行衬托。<br/>&nbsp;<br/>&nbsp; &nbsp; 另外，在快门速度选择方面，高速快门可以定格雪花在空中飞舞的瞬间，相应的动感就会减少；较慢一点的快门可以拍摄一小段雪花划过天空的轨迹，从而在与地面积雪形成简单的虚实对比，增加画面的动感效果。</p><p style="margin-top: 0px; margin-bottom: 15px; padding: 0px; line-height: 30px; color: rgb(51, 51, 51); font-family: &quot;Microsoft YaHei&quot;; white-space: normal; text-align: center;"><a href="http://img2.fengniao.com/g2/M00/05/0C/Cg-4kldOiJSIErFHAAfOm8YwdhQAAH2ZwEXL9EAB86z488.png" style="text-decoration: none; color: rgb(51, 51, 51);"><img src="/travelWeb/Public/upload/image/20170416/1492308952825865.png" width="700" height="467" title="旅行摄影之茫茫雪景" alt="旅行摄影之茫茫雪景"/></a></p><p style="margin-top: 0px; margin-bottom: 15px; padding: 0px; line-height: 30px; color: rgb(51, 51, 51); font-family: &quot;Microsoft YaHei&quot;; white-space: normal;">&nbsp; &nbsp; 选择深蓝色天空作为背景，可以更为明显地表现出雪花飞舞的场景。<br/>&nbsp;<br/><strong>7.浓雾环境下拍摄雪景</strong><br/>&nbsp;<br/>&nbsp; &nbsp; 在旅行拍摄时，有时会遇到浓雾天气，在这种天气下拍摄，照片大多会呈现出灰蒙蒙的样子，有时还会严重影响拍摄心情。为了更好地应对拍摄雪景时遇到的大雾天气，我们也需要掌握一定的拍摄技巧。<br/>&nbsp;<br/>·在浓雾影响下，相机自动对焦经常会判断失误，导致照片主体不清晰，因此，我们首先要选择使用手动对焦模式进行拍摄，当然为保证照片锐利度，我们还需要使用三脚架稳定相机。<br/>&nbsp;<br/>·有时，避免拍摄大场景，选择一些有趣的小地方进行拍摄，这样就可以很大程度避免雾天的影响。<br/>&nbsp;<br/>·借鉴中国传统黑白山水画作来发挥想象，认真观察环境。拍摄时，借助雾气营造一种虚无缥缈的氛围。</p><p style="margin-top: 0px; margin-bottom: 15px; padding: 0px; line-height: 30px; color: rgb(51, 51, 51); font-family: &quot;Microsoft YaHei&quot;; white-space: normal; text-align: center;"><a href="http://img2.fengniao.com/g1/M00/07/F0/Cg-4rFdOiLuIe7h9AAYb1fbdcz8AAScbwBJEfkABhvt039.png" style="text-decoration: none; color: rgb(51, 51, 51);"><img src="/travelWeb/Public/upload/image/20170416/1492308953684205.png" width="700" height="433" title="旅行摄影之茫茫雪景" alt="旅行摄影之茫茫雪景"/></a></p><p style="margin-top: 0px; margin-bottom: 15px; padding: 0px; line-height: 30px; color: rgb(51, 51, 51); font-family: &quot;Microsoft YaHei&quot;; white-space: normal;">&nbsp; &nbsp; 使用手动对焦，可以保证照片的主体清晰。<br/>&nbsp;<br/><strong>8.拍摄晶莹剔透的冰块</strong><br/>&nbsp;<br/>&nbsp; &nbsp; 旅行途中，若赶上积雪融化的日子，拍摄这些晶莹剔透、犹如宝石般的冰晶，也是很让人欣喜的事情。<br/>&nbsp;<br/>&nbsp; &nbsp; 通常在拍摄冰块时，我们会选择逆光或者侧逆光的方向，在光线的照耀下，冰晶更显晶莹剔透，惹人喜欢。</p><p style="margin-top: 0px; margin-bottom: 15px; padding: 0px; line-height: 30px; color: rgb(51, 51, 51); font-family: &quot;Microsoft YaHei&quot;; white-space: normal; text-align: center;"><a href="http://img2.fengniao.com/g2/M00/05/0C/Cg-4kldOiRSIAa34AA2bAEbrBuwAAH2aAGiiJAADZsY172.png" style="text-decoration: none; color: rgb(51, 51, 51);"><img src="/travelWeb/Public/upload/image/20170416/1492308954337541.png" width="700" height="847" title="旅行摄影之茫茫雪景" alt="旅行摄影之茫茫雪景"/></a></p><p style="margin-top: 0px; margin-bottom: 15px; padding: 0px; line-height: 30px; color: rgb(51, 51, 51); font-family: &quot;Microsoft YaHei&quot;; white-space: normal;">&nbsp; &nbsp; 利用开放式构图法只拍摄建筑物的局部，可以使欣赏者看到画面后产生更大的空间联想。<br/>&nbsp;<br/><strong>9. 在雪景中寻找鲜艳的主体</strong><br/>&nbsp;<br/>&nbsp; &nbsp; 在雪景中拍摄时，若是整幅照片全是白色场景，多少会造成审美疲劳。因此，适当寻找一些色彩较为艳丽的景物进行拍摄，让照片色彩鲜明，更显活泼。旅行中，我们可以选择诸如红色的灯笼、色彩艳丽的花朵等进行拍摄。在雪景中拍摄人像时，可以让模特身着一件鲜艳的衣服，这样照片会显得更加精彩。<br/>&nbsp;<br/>&nbsp; &nbsp; 走在茫茫大雪覆盖的森林中，看到几片沾满雪霜的黄色树叶，在黄色与白色的相互衬托下，照片更加清新。<br/>&nbsp;<br/>&nbsp; &nbsp; 旅途中，当遇到我们喜欢的小景物，而其色彩并不是那么鲜艳时，我们还可以借助天色，如黄昏时的昏黄色调或朝霞色彩来渲染画面，进行拍摄，这样，照片将会在天色影响下呈现出相应的色调，从而增加照片的新意。</p><p style="margin-top: 0px; margin-bottom: 15px; padding: 0px; line-height: 30px; color: rgb(51, 51, 51); font-family: &quot;Microsoft YaHei&quot;; white-space: normal; text-align: center;"><a href="http://img2.fengniao.com/g2/M00/05/0C/Cg-4kldOiVaICAaoAAiOPYq1H6oAAH2aANXO40ACI5V440.png" style="text-decoration: none; color: rgb(51, 51, 51);"><img src="/travelWeb/Public/upload/image/20170416/1492308955878622.png" width="700" height="555" title="旅行摄影之茫茫雪景" alt="旅行摄影之茫茫雪景"/></a></p><p style="margin-top: 0px; margin-bottom: 15px; padding: 0px; line-height: 30px; color: rgb(51, 51, 51); font-family: &quot;Microsoft YaHei&quot;; white-space: normal;">&nbsp; &nbsp; 拍摄白雪时，我们还可以借助朝霞或黄昏时的昏黄色彩进行拍摄。</p><p><br/></p>');
INSERT INTO `tips` (`tips_id`, `tips_title`, `tags`, `tips_author`, `tips_time`, `tips_content`) VALUES
(12, '手机轻旅拍：手机旅拍3招实战技巧', '摄影，技巧', 'admin', '2017-04-11 08:56:59', '<p style="text-align: left;"><span style="font-size: 14px;"><span style="color: rgb(153, 153, 153); font-family: &quot;Microsoft YaHei&quot;; font-size: 14px; letter-spacing: 2px; background-color: rgb(245, 245, 245);">举起手机拍摄是一件再简单不过的事情，可是我们依然会听到这样的惊叹：“这怎么可能是用手机拍摄出来的？”选取场景，按下快门，进行后期，在旅行中用手机拍摄看似简单，但其中包含了不少小技巧。灵活运用这些技巧，就会让你握于掌间的方寸屏幕焕发出不一样的生机来。</span></span></p><p style="text-align: left;"><span style="font-size: 14px;"><br/></span></p><p style="text-align: left;"><span style="font-size: 14px;"></span></p><h3 style="box-sizing: border-box; font-weight: 400; font-size: 16px; margin: 0px 0px 10px; font-family: &quot;Microsoft YaHei&quot;; color: rgb(128, 128, 128); white-space: normal; background-color: rgb(255, 255, 255);"><span style="box-sizing: border-box; color: rgb(0, 0, 0);"><strong style="box-sizing: border-box;"><span style="box-sizing: border-box; color: rgb(255, 0, 0);">参数</span>&nbsp;灵活控制拍摄参数</strong></span></h3><p style="box-sizing: border-box; margin-top: 0px; margin-bottom: 1em; color: rgb(128, 128, 128); font-family: &quot;Microsoft YaHei&quot;; font-size: 14px; white-space: normal; background-color: rgb(255, 255, 255);"><strong style="box-sizing: border-box;">在暗光、弱光的光线条件下，ISO应设置为能保持你手持的安全快门速度的最低限度。</strong></p><p style="box-sizing: border-box; margin-top: 0px; margin-bottom: 1em; color: rgb(128, 128, 128); font-family: &quot;Microsoft YaHei&quot;; font-size: 14px; white-space: normal; background-color: rgb(255, 255, 255);">一般情况下，我不会特别关注手机摄影的曝光参数，拍摄时基本上是根据想要的画面选择不同的曝光来测定对象的。因为人物拍摄得比较多，所以大多数情况下，我都是对人物的脸部进行测光，以保证最重要的部分曝光准确。同时，手机镜头的光圈都是固定的，只能靠快门来平衡曝光，所以拍摄者自己调整曝光参数的空间可以说是很小的。</p><p style="box-sizing: border-box; margin-top: 0px; margin-bottom: 1em; color: rgb(128, 128, 128); font-family: &quot;Microsoft YaHei&quot;; font-size: 14px; white-space: normal; background-color: rgb(255, 255, 255);">手机摄影在高感方面毋庸置疑是个短板，如果使用高的ISO，照片的品质必定会很差。所以说，实际上暗光摄影是手机摄影势必无法胜任的，已经完全超出了它的能力范围。我所使用的苹果手机系统自带相机好像没有调整ISO或是快门这样的选项，不过听说在有些手机摄影APP中，可以单独选择ISO或快门进行调整。一般情况下，当我需要去考虑在ISO和快门之间如何平衡时，都是在光线很暗的情况下，这时如果拍摄静止对象，可以选择低ISO，以及慢速快门，不过前提是必须要用三脚架。如果是拍摄动态的对象，那么就要考虑快门速度是否能够凝固住那一瞬间。选择高ISO确实能够提高快门速度，但是当ISO高到一定程度时，图片质量就会大幅下降。所以在暗光以及弱光的光线条件下，为了得到尽可能好的成像效果，ISO应设置为能保持你手持的安全快门速度的最低限度。</p><p style="text-align: center;"><img src="/travelWeb/Public/upload/image/20170407/1491526215100608.jpg" alt=" 瓦拉纳希是印度教的圣地，每天都有成千上万的教徒来到这里的恒河边沐浴祈福，因此这里也是游客聚集最多的地方"/></p><p><span style="background-color: rgb(51, 51, 51); color: rgb(247, 247, 247); font-family: &quot;Microsoft YaHei&quot;; font-size: 14px; letter-spacing: 1px;">瓦拉纳希是印度教的圣地，每天都有成千上万的教徒来到这里的恒河边沐浴祈福，因此这里也是游客聚集最多的地方</span></p><p><span style="background-color: rgb(51, 51, 51); color: rgb(247, 247, 247); font-family: &quot;Microsoft YaHei&quot;; font-size: 14px; letter-spacing: 1px;"><br/></span></p><p><br/></p><h3 style="box-sizing: border-box; font-weight: 400; font-size: 16px; margin: 0px 0px 10px; font-family: &quot;Microsoft YaHei&quot;; color: rgb(128, 128, 128); white-space: normal; background-color: rgb(255, 255, 255);"><span style="box-sizing: border-box; color: rgb(0, 0, 0);"><strong style="box-sizing: border-box;"><span style="box-sizing: border-box; color: rgb(255, 0, 0);">抓拍</span>&nbsp;抓拍与沟通生动人物状态</strong></span></h3><p style="box-sizing: border-box; margin-top: 0px; margin-bottom: 1em; color: rgb(128, 128, 128); font-family: &quot;Microsoft YaHei&quot;; font-size: 14px; white-space: normal; background-color: rgb(255, 255, 255);"><strong style="box-sizing: border-box;">如果在拍摄中碰到了干扰主体的背景时，我们可以通过变换机位尽量来避免，同时也可以再靠近主体，让其在画面中占更大的比例。</strong></p><p style="box-sizing: border-box; margin-top: 0px; margin-bottom: 1em; color: rgb(128, 128, 128); font-family: &quot;Microsoft YaHei&quot;; font-size: 14px; white-space: normal; background-color: rgb(255, 255, 255);">谈到如何拍摄儿童，儿童的天性是活泼而且爱动的，特别是在你要拍摄他们时更是如此，这势必会给手机拍摄带来一定的困难，因为手机的对焦和快门响应速度较慢，往往等你按下快门，好的瞬间已经过去。不过我们如果选择使用高速连拍的方式来拍摄，就可以很好地解决这个问题。</p><p style="box-sizing: border-box; margin-top: 0px; margin-bottom: 1em; color: rgb(128, 128, 128); font-family: &quot;Microsoft YaHei&quot;; font-size: 14px; white-space: normal; background-color: rgb(255, 255, 255);">相对于儿童来说，老人行动就会比较迟缓，拍摄时容易得多，而且也易于沟通。拍摄老人时，抓取他们的表情神态是重点，如果能很好地拍摄下来那些岁月留下的痕迹，会使你的照片更加生动且具有感染力。</p><p style="box-sizing: border-box; margin-top: 0px; margin-bottom: 1em; color: rgb(128, 128, 128); font-family: &quot;Microsoft YaHei&quot;; font-size: 14px; white-space: normal; background-color: rgb(255, 255, 255);">妇女的拍摄则相对要困难一些，因为许多女性容易害羞，一看你在拍摄她们，就会笑着跑开，或者左右躲闪，有些更是会直接拒绝，对于拒绝拍摄的女性绝对不能强行拍摄。所以在拍摄之前要做一些沟通。不过有时沟通过后，她们的表情会不太自然，那么这时偷拍也是一种不错的选择。</p><p style="box-sizing: border-box; margin-top: 0px; margin-bottom: 1em; color: rgb(128, 128, 128); font-family: &quot;Microsoft YaHei&quot;; font-size: 14px; white-space: normal; background-color: rgb(255, 255, 255);">被摄主体的背景我们是无法选择的，有时它能够突出主体，有时也会让被摄对象淹没其中。如果碰到干扰主体的背景时，我们可以通过变换机位尽量来避免，也可以再靠近主体，让其在画面中占更大的比例。背景和被摄体有内在联系的，就要在构图上下功夫，要能体现两者之间关系，主次分明，更好的交代画面故事。</p><p><img class="size-full wp-image-439175" alt="印度教徒有在恒河里沐浴祈福的习俗。照片里的老人沐浴完后在更衣，天很冷，但是依然精神矍铄" src="/travelWeb/Public/upload/image/20170407/1491526289219720.jpg" width="750" height="563"/></p><p class="wp-caption-text" style="box-sizing: border-box; margin-top: 0px; margin-bottom: 0px; background-image: initial; background-position: initial; background-size: initial; background-repeat: initial; background-attachment: initial; background-origin: initial; background-clip: initial; padding: 5px 10px 8px; text-align: center; color: rgb(247, 247, 247); letter-spacing: 1px;"><span style="color: rgb(247, 247, 247); font-family: &quot;Microsoft YaHei&quot;; font-size: 14px; letter-spacing: 1px; text-align: center; background-color: rgb(51, 51, 51);">印度教徒有在恒河里沐浴祈福的习俗。照片里的老人沐浴完后在更衣，天很冷，但是依然精神矍铄</span><span style="background-color: rgb(51, 51, 51); color: rgb(247, 247, 247); font-family: &quot;Microsoft YaHei&quot;; font-size: 14px; letter-spacing: 1px;"><br/></span></p><p class="wp-caption-text" style="box-sizing: border-box; margin-top: 0px; margin-bottom: 0px; background-image: initial; background-position: initial; background-size: initial; background-repeat: initial; background-attachment: initial; background-origin: initial; background-clip: initial; padding: 5px 10px 8px; color: rgb(247, 247, 247); letter-spacing: 1px;"><span style="color: rgb(247, 247, 247); font-family: &quot;Microsoft YaHei&quot;; font-size: 14px; letter-spacing: 1px; text-align: center; background-color: rgb(51, 51, 51);"><br/></span></p><h3 style="box-sizing: border-box; font-weight: 400; font-size: 16px; margin: 0px 0px 10px; font-family: &quot;Microsoft YaHei&quot;; color: rgb(128, 128, 128); white-space: normal; background-color: rgb(255, 255, 255);"><span style="box-sizing: border-box; color: rgb(0, 0, 0);"><strong style="box-sizing: border-box;"><span style="box-sizing: border-box; color: rgb(255, 0, 0);">光线</span>&nbsp;巧用光线 捕捉最佳瞬间</strong></span></h3><p style="box-sizing: border-box; margin-top: 0px; margin-bottom: 1em; color: rgb(128, 128, 128); font-family: &quot;Microsoft YaHei&quot;; font-size: 14px; white-space: normal; background-color: rgb(255, 255, 255);"><strong style="box-sizing: border-box;">我们可以通过光线勾勒主体，渲染氛围。手机摄影的用光也要遵循摄影的一般美学规律。</strong></p><p style="box-sizing: border-box; margin-top: 0px; margin-bottom: 1em; color: rgb(128, 128, 128); font-family: &quot;Microsoft YaHei&quot;; font-size: 14px; white-space: normal; background-color: rgb(255, 255, 255);">好瞬间的出现并不一定有什么特定时间，所谓“对的时间”，实际上还要看你想拍摄什么样的画面，同时你还要在“对的地方”。我觉得选择“对的地方”有时甚至比选择“对的时间”还重要。如果找错地方，即使整天待在那里，也没有办法拍摄到好的照片，反之，则要容易得多。所以根据自己想拍的内容，寻找合适的地方，再寻找最佳的时间点。一般我喜欢在早晚时间段拍摄，因为这时的光线最漂亮，天空和地面的反差也不是很大。陷阱式拍摄，是我经常选择的一种方式。选择一个光线好的地方，等待合适的被摄者。这样做的缺点，就是有点被动，有时往往会一无所获。不过如果拍到了，画面会很漂亮。</p><p style="box-sizing: border-box; margin-top: 0px; margin-bottom: 1em; color: rgb(128, 128, 128); font-family: &quot;Microsoft YaHei&quot;; font-size: 14px; white-space: normal; background-color: rgb(255, 255, 255);">摄影中我们可以通过光线勾勒主体，渲染氛围。手机摄影的用光，与相机没有什么不同，都要遵循摄影的一般美学规律。侧光、逆光都是人们经常使用的用光方式，在实际拍摄中，能够很好的突出人物，让画面主次分明。但是逆光对焦是不太容易的一件事情，即使相机也同样如此。解决办法是，预先选择一个距离和亮度都相近的物体，对准聚焦，并锁定，然后就可以对准真正要拍摄对像重新构图拍摄，不用再担心无法对焦了。而且保持锁定可以连续拍摄，除非拍摄条件发生变化。</p><p><img class="size-full wp-image-439173" alt="瓦拉纳希的恒河边，人们除了在这里进行宗教活动外，还可以洗衣晒被 " src="/travelWeb/Public/upload/image/20170407/1491526429977682.jpg" width="750" height="563"/></p><p class="wp-caption-text" style="box-sizing: border-box; margin-top: 0px; margin-bottom: 0px; background-image: initial; background-position: initial; background-size: initial; background-repeat: initial; background-attachment: initial; background-origin: initial; background-clip: initial; padding: 5px 10px 8px; text-align: center; color: rgb(247, 247, 247); letter-spacing: 1px;"><span style="color: rgb(247, 247, 247); font-family: &quot;Microsoft YaHei&quot;; font-size: 14px; letter-spacing: 1px; text-align: center; background-color: rgb(51, 51, 51);">瓦拉纳希的恒河边，人们除了在这里进行宗教活动外，还可以洗衣晒被</span></p><p class="wp-caption-text" style="box-sizing: border-box; margin-top: 0px; margin-bottom: 0px; background-image: initial; background-position: initial; background-size: initial; background-repeat: initial; background-attachment: initial; background-origin: initial; background-clip: initial; padding: 5px 10px 8px; color: rgb(247, 247, 247); letter-spacing: 1px;"><br/></p><h3 style="box-sizing: border-box; font-weight: 400; font-size: 16px; margin: 0px 0px 10px; font-family: &quot;Microsoft YaHei&quot;; color: rgb(128, 128, 128); white-space: normal; background-color: rgb(255, 255, 255);"><span style="box-sizing: border-box; color: rgb(255, 0, 0);"><strong style="box-sizing: border-box;">手机摄影是否存在机位秘诀</strong></span></h3><p style="box-sizing: border-box; margin-top: 0px; margin-bottom: 1em; color: rgb(128, 128, 128); font-family: &quot;Microsoft YaHei&quot;; font-size: 14px; white-space: normal; background-color: rgb(255, 255, 255);"><span style="box-sizing: border-box; color: rgb(0, 0, 0);"><strong style="box-sizing: border-box;">拍摄儿童</strong></span></p><p style="box-sizing: border-box; margin-top: 0px; margin-bottom: 1em; color: rgb(128, 128, 128); font-family: &quot;Microsoft YaHei&quot;; font-size: 14px; white-space: normal; background-color: rgb(255, 255, 255);">儿童的天性活泼爱动，特别是在你要拍摄他们时更是如此，这会给手机拍摄带来一定的困难，因为手机的对焦和快门响应速度较慢，往往等你按下快门，好的瞬间已经过去。不过我们使用连拍的方式来拍摄，可以很好地解决这个问题。</p><p style="box-sizing: border-box; margin-top: 0px; margin-bottom: 1em; color: rgb(128, 128, 128); font-family: &quot;Microsoft YaHei&quot;; font-size: 14px; white-space: normal; background-color: rgb(255, 255, 255);"><span style="box-sizing: border-box; color: rgb(0, 0, 0);"><strong style="box-sizing: border-box;">拍摄老人</strong></span></p><p style="box-sizing: border-box; margin-top: 0px; margin-bottom: 1em; color: rgb(128, 128, 128); font-family: &quot;Microsoft YaHei&quot;; font-size: 14px; white-space: normal; background-color: rgb(255, 255, 255);">老人行动迟缓，拍摄时相对容易，而且也易于沟通。抓取他们的表情神态是重点，拍摄那些岁月留下的痕迹，会使你的照片更具有感染力。</p><p style="box-sizing: border-box; margin-top: 0px; margin-bottom: 1em; color: rgb(128, 128, 128); font-family: &quot;Microsoft YaHei&quot;; font-size: 14px; white-space: normal; background-color: rgb(255, 255, 255);"><span style="box-sizing: border-box; color: rgb(0, 0, 0);"><strong style="box-sizing: border-box;">拍摄妇女</strong></span></p><p style="box-sizing: border-box; margin-top: 0px; margin-bottom: 1em; color: rgb(128, 128, 128); font-family: &quot;Microsoft YaHei&quot;; font-size: 14px; white-space: normal; background-color: rgb(255, 255, 255);">妇女的拍摄相对要困难一些，因为许多人会容易害羞，一看你拍摄，就会笑着跑开，或者左右躲闪，有些就是直接拒绝，对于拒绝的就不能强行拍摄。所以在拍摄之前要做一些沟通。不过有时沟通过后，她们的表情会不太自然，那么偷拍也是一种不错的选择。</p><p style="box-sizing: border-box; margin-top: 0px; margin-bottom: 1em; color: rgb(128, 128, 128); font-family: &quot;Microsoft YaHei&quot;; font-size: 14px; white-space: normal; background-color: rgb(255, 255, 255);"><span style="box-sizing: border-box; color: rgb(0, 0, 0);"><strong style="box-sizing: border-box;">拍摄总结</strong></span></p><p style="box-sizing: border-box; margin-top: 0px; margin-bottom: 1em; color: rgb(128, 128, 128); font-family: &quot;Microsoft YaHei&quot;; font-size: 14px; white-space: normal; background-color: rgb(255, 255, 255);">被摄主体的背景我们是无法选择的，有时它能够突出主体，有时也会让被摄对象淹没其中。如果碰到干扰主体的背景时，我们可以通过变换机位尽量来避免，也可以再靠近主体，让其在画面中占更大的比例。</p><p style="box-sizing: border-box; margin-top: 0px; margin-bottom: 1em; color: rgb(128, 128, 128); font-family: &quot;Microsoft YaHei&quot;; font-size: 14px; white-space: normal; background-color: rgb(255, 255, 255);"><br/></p><p style="box-sizing: border-box; margin-top: 0px; margin-bottom: 1em; color: rgb(128, 128, 128); font-family: &quot;Microsoft YaHei&quot;; font-size: 14px; white-space: normal; background-color: rgb(255, 255, 255);"><a href="http://fotomen.cn/2016/08/2011/" target="_self" title="手机轻旅拍 手机旅拍3招实战技巧" style="letter-spacing: 1px; font-family: sans-serif;">文章来自：http://fotomen.cn/2016/08/2011/</a></p>'),
(13, '不可错过的美景 旅行摄影之茫茫冬日', '摄影，技巧', 'admin', '2017-04-16 10:16:33', '<p style="margin-top: 0px; margin-bottom: 15px; padding: 0px; line-height: 30px; color: rgb(51, 51, 51); font-family: &quot;Microsoft YaHei&quot;; white-space: normal;">洁白的雪是<a href="http://bbs.fengniao.com/forum/forum_15.html" class="inner-link" style="text-decoration: none; color: rgb(51, 51, 51); border-bottom: 1px dashed rgb(0, 0, 0);">旅行</a><a href="http://www.fengniao.com/" class="inner-link" style="text-decoration: none; color: rgb(51, 51, 51); border-bottom: 1px dashed rgb(0, 0, 0);">摄影</a>中绝不可错过的美景之一，可是如何拍摄雪景却往往难倒了很多摄影爱好者。如何在大片的白色之中寻找主题、搭配配角，进而拍摄出一张上佳的照片，这个问题我想很多影友都曾经问过。</p><p style="margin-top: 0px; margin-bottom: 15px; padding: 0px; line-height: 30px; color: rgb(51, 51, 51); font-family: &quot;Microsoft YaHei&quot;; white-space: normal;">&nbsp; &nbsp; 其实，办法很多。不同的场景下、不同的主题背景有着不同的拍摄技巧，只需灵活掌握这些技巧，便能拍出精彩的雪景照片。<br/>&nbsp;<br/><strong>1. 选择合适的地方拍摄雪景</strong><br/>&nbsp;<br/>&nbsp; &nbsp; 我们所说的雪景较为广泛，其包括了季节性降下的飞雪，也包括雪山之中常年的积雪。<br/>&nbsp;<br/>&nbsp; &nbsp; 因此，在拍摄雪景之前，我们应该根据这两种雪景的不同，选择合适的地方拍摄。例如在拍摄山顶的雪景时，我们可以从山脚仰视拍摄整座大山，也可以深入山中，拍摄眼前的雪色山景；又例如恰逢冬季降雪，可以选择雪景较为漂亮的地方，通过拍摄技巧选择合适的角度来拍摄。</p><p style="margin-top: 0px; margin-bottom: 15px; padding: 0px; line-height: 30px; color: rgb(51, 51, 51); font-family: &quot;Microsoft YaHei&quot;; white-space: normal; text-align: center;"><a href="http://img2.fengniao.com/g2/M00/05/0C/Cg-4k1dOhSmIXbJ3AAS1FxZk6oUAAH2ZAG48BYABLUv509.png" style="text-decoration: none; color: rgb(51, 51, 51);"><img src="/travelWeb/Public/upload/image/20170416/1492308946105513.png" width="700" height="466" title="旅行摄影之茫茫雪景" alt="旅行摄影之茫茫雪景"/></a></p><p style="margin-top: 0px; margin-bottom: 15px; padding: 0px; line-height: 30px; color: rgb(51, 51, 51); font-family: &quot;Microsoft YaHei&quot;; white-space: normal;">&nbsp; &nbsp; 拍摄山顶积雪时，选择在山脚位置拍摄，可以更为直白地表现山脉整体。</p><p style="margin-top: 0px; margin-bottom: 15px; padding: 0px; line-height: 30px; color: rgb(51, 51, 51); font-family: &quot;Microsoft YaHei&quot;; white-space: normal; text-align: center;"><a href="http://img2.fengniao.com/g2/M00/05/0C/Cg-4kldOhSqIEneCAAhPNyVjO_IAAH2ZAG9pUUACE9P795.png" style="text-decoration: none; color: rgb(51, 51, 51);"><img src="/travelWeb/Public/upload/image/20170416/1492308948523524.png" width="700" height="523" title="旅行摄影之茫茫雪景" alt="旅行摄影之茫茫雪景"/></a></p><p style="margin-top: 0px; margin-bottom: 15px; padding: 0px; line-height: 30px; color: rgb(51, 51, 51); font-family: &quot;Microsoft YaHei&quot;; white-space: normal;">&nbsp; &nbsp; 选择一些较为偏僻、不能及时充电的地方拍摄雪景时，应尽量多携带几块电池，确保拍摄时电量充足。<br/>&nbsp;<br/><strong>2.城市中的雪景</strong><br/>&nbsp;<br/>&nbsp; &nbsp; 对于喜欢雪的人来说，每当城市被皑皑白雪覆盖，仿佛城市会开口说话，诉说着它的过往。此时此刻，茫茫的白雪也像是在追忆着往事，就如同很多人说的，南京下雪以后会变成金陵，西安雪后变成长安一般。<br/>&nbsp;<br/>&nbsp; &nbsp; 在城市雪景拍摄，最为常见的主体便是街道、建筑，以及雪中拍摄人像、宠物等。<br/>&nbsp;<br/>&nbsp; &nbsp; 另外，如果恰逢春节还可以在傍晚时拍摄街道边的新年元素，如红色灯笼等。<br/>&nbsp;<br/>&nbsp; &nbsp; 另外，在城市拍摄时，为了使照片更加漂亮，我们还会选择在古建筑比较集中的地方拍摄。<br/>&nbsp;<br/>&nbsp; &nbsp; 城市拍摄建筑，取景尤为重要。即便是在同一个地方，取景的不同也会导致画面完全不同的视觉效果。所以，在这些比较熟悉的地方拍摄雪景，我们应该换个角度，用以往不一样的视角来观察拍摄。<br/>&nbsp;<br/>&nbsp; &nbsp; 白雪可以让整个世界都是白茫茫一片，在没有鲜艳色彩的情况下，城市会变成黑白灰，这也为城市增添了几分历史的味道。我们可以充分借助白雪的这一特点，增加照片的艺术效果。</p><p style="margin-top: 0px; margin-bottom: 15px; padding: 0px; line-height: 30px; color: rgb(51, 51, 51); font-family: &quot;Microsoft YaHei&quot;; white-space: normal; text-align: center;"><a href="http://img2.fengniao.com/g2/M00/05/0C/Cg-4kldOhVmICtPvAAOfREBzMHAAAH2ZAKMEN8AA59c666.jpg" style="text-decoration: none; color: rgb(51, 51, 51);"><img src="/travelWeb/Public/upload/image/20170416/1492308948533766.jpg" width="700" height="444" title="旅行摄影之茫茫雪景" alt="旅行摄影之茫茫雪景"/></a></p><p style="margin-top: 0px; margin-bottom: 15px; padding: 0px; line-height: 30px; color: rgb(51, 51, 51); font-family: &quot;Microsoft YaHei&quot;; white-space: normal;">&nbsp; &nbsp; 下雪之后，整个城市都变成了暗色调，历史感和沧桑感很浓烈。</p><p style="margin-top: 0px; margin-bottom: 15px; padding: 0px; line-height: 30px; color: rgb(51, 51, 51); font-family: &quot;Microsoft YaHei&quot;; white-space: normal; text-align: center;"><a href="http://img2.fengniao.com/g2/M00/05/0C/Cg-4k1dOhVqIH5Y_AANtn_SMYiAAAH2ZAKPsDsAA223357.png" style="text-decoration: none; color: rgb(51, 51, 51);"><img src="/travelWeb/Public/upload/image/20170416/1492308949683775.png" width="700" height="373" title="旅行摄影之茫茫雪景" alt="旅行摄影之茫茫雪景"/></a></p><p style="margin-top: 0px; margin-bottom: 15px; padding: 0px; line-height: 30px; color: rgb(51, 51, 51); font-family: &quot;Microsoft YaHei&quot;; white-space: normal;">&nbsp; &nbsp; 在下过雪的午后，天气虽然没有完全放晴，但是在柔和的光线下拍摄这些色彩较为绚丽的建筑，照片会显得更加唯美</p><p><a style="color: rgb(51, 51, 51); font-family: &quot;Microsoft YaHei&quot;; font-size: 12px; white-space: normal;"></a></p><p style="margin-top: 0px; margin-bottom: 15px; padding: 0px; line-height: 30px; color: rgb(51, 51, 51); font-family: &quot;Microsoft YaHei&quot;; white-space: normal;"><strong>3.增加曝光补偿让雪景更白</strong></p><p style="margin-top: 0px; margin-bottom: 15px; padding: 0px; line-height: 30px; color: rgb(51, 51, 51); font-family: &quot;Microsoft YaHei&quot;; white-space: normal;">&nbsp; &nbsp; 通常在拍摄雪景时，我们会遵守“白加黑减”的拍摄原理。<br/>&nbsp;<br/>&nbsp; &nbsp; 所谓“白加黑减”，是指在拍摄雪景这些颜色较为亮白的主体场景时，我们会增加曝光补偿，从而使照片中场景看起来更亮一些，主体也能得到更好地表现。<br/>&nbsp;<br/>&nbsp; &nbsp; 不过，值得注意的是，曝光补偿增加要适度，避免过分增加曝光补偿导致照片的细节丢失。</p><p style="margin-top: 0px; margin-bottom: 15px; padding: 0px; line-height: 30px; color: rgb(51, 51, 51); font-family: &quot;Microsoft YaHei&quot;; white-space: normal; text-align: center;"><a href="http://img2.fengniao.com/g1/M00/07/F0/Cg-4q1dOhoaIH7AyAAZpiCq7s9IAAScbAL4PDYABmmg405.png" style="text-decoration: none; color: rgb(51, 51, 51);"><img src="/travelWeb/Public/upload/image/20170416/1492308949105617.png" width="700" height="464" title="旅行摄影之茫茫雪景" alt="旅行摄影之茫茫雪景"/></a></p><p style="margin-top: 0px; margin-bottom: 15px; padding: 0px; line-height: 30px; color: rgb(51, 51, 51); font-family: &quot;Microsoft YaHei&quot;; white-space: normal;">&nbsp; &nbsp; 适当增加曝光补偿，照片中的雪景更加亮白，也不至于丢失细节。</p><p style="margin-top: 0px; margin-bottom: 15px; padding: 0px; line-height: 30px; color: rgb(51, 51, 51); font-family: &quot;Microsoft YaHei&quot;; white-space: normal; text-align: center;"><a href="http://img2.fengniao.com/g1/M00/07/F0/Cg-4rFdOhoaIMkJKAAOOpzCKT9EAAScbAL-pdYAA46_232.png" style="text-decoration: none; color: rgb(51, 51, 51);"><img src="/travelWeb/Public/upload/image/20170416/1492308950455706.png" width="700" height="466" title="旅行摄影之茫茫雪景" alt="旅行摄影之茫茫雪景"/></a></p><p style="margin-top: 0px; margin-bottom: 15px; padding: 0px; line-height: 30px; color: rgb(51, 51, 51); font-family: &quot;Microsoft YaHei&quot;; white-space: normal;">&nbsp; &nbsp; 在拍摄雪景时，适当增加曝光补偿，照片中整体更显高调、亮白。<br/>&nbsp;<br/><strong>4.逆光拍摄雪粒的质感</strong><br/>&nbsp;<br/>&nbsp; &nbsp; 雪景摄影之中，光线如何运用也直接影响着照片的整体视觉感受。例如逆光或者侧逆光拍摄下，雪景会受到光影作用 影响，颗粒感更加明显，照片要比顺光拍摄更显质感。</p><p style="margin-top: 0px; margin-bottom: 15px; padding: 0px; line-height: 30px; color: rgb(51, 51, 51); font-family: &quot;Microsoft YaHei&quot;; white-space: normal; text-align: center;"><a href="http://img2.fengniao.com/g2/M00/05/0C/Cg-4kldOhtiIAH3PAAzeXgQdXXsAAH2ZQHHZnEADN52365.png" style="text-decoration: none; color: rgb(51, 51, 51);"><img src="/travelWeb/Public/upload/image/20170416/1492308951286935.png" width="700" height="1005" title="旅行摄影之茫茫雪景" alt="旅行摄影之茫茫雪景"/></a></p><p style="margin-top: 0px; margin-bottom: 15px; padding: 0px; line-height: 30px; color: rgb(51, 51, 51); font-family: &quot;Microsoft YaHei&quot;; white-space: normal;">&nbsp; &nbsp; 有时，逆光拍摄雪景也是不错的选择。<br/>&nbsp;<br/><strong>5.改变白平衡拍摄蓝调雪景</strong></p><p style="margin-top: 0px; margin-bottom: 15px; padding: 0px; line-height: 30px; color: rgb(51, 51, 51); font-family: &quot;Microsoft YaHei&quot;; white-space: normal; text-align: center;"><a href="http://img2.fengniao.com/g1/M00/07/F0/Cg-4rFdOhwyIUcfBAAZvQe1TgsUAAScbQBzZakABm9Z128.png" style="text-decoration: none; color: rgb(51, 51, 51);"><img src="/travelWeb/Public/upload/image/20170416/1492308951138157.png" width="700" height="433" title="旅行摄影之茫茫雪景" alt="旅行摄影之茫茫雪景"/></a></p><p style="margin-top: 0px; margin-bottom: 15px; padding: 0px; line-height: 30px; color: rgb(51, 51, 51); font-family: &quot;Microsoft YaHei&quot;; white-space: normal;">&nbsp; &nbsp; 选择钨丝灯白平衡，可以营造出一种蓝调氛围的雪景照片。</p><p><a style="color: rgb(51, 51, 51); font-family: &quot;Microsoft YaHei&quot;; font-size: 12px; white-space: normal;"></a></p><p style="margin-top: 0px; margin-bottom: 15px; padding: 0px; line-height: 30px; color: rgb(51, 51, 51); font-family: &quot;Microsoft YaHei&quot;; white-space: normal;"><strong>6.拍摄漫天飞舞的雪花</strong></p><p style="margin-top: 0px; margin-bottom: 15px; padding: 0px; line-height: 30px; color: rgb(51, 51, 51); font-family: &quot;Microsoft YaHei&quot;; white-space: normal;">&nbsp; &nbsp; 很多人都热爱拍摄漫天飞舞的雪花。<br/>&nbsp;<br/>&nbsp; &nbsp; 众所周知，雪花颜色亮白且形状通常较小，若是背景颜色较浅较亮，雪花就很难被清晰地呈现出来。因此，在拍摄这种场景时，我们多选择深色背景进行衬托。<br/>&nbsp;<br/>&nbsp; &nbsp; 另外，在快门速度选择方面，高速快门可以定格雪花在空中飞舞的瞬间，相应的动感就会减少；较慢一点的快门可以拍摄一小段雪花划过天空的轨迹，从而在与地面积雪形成简单的虚实对比，增加画面的动感效果。</p><p style="margin-top: 0px; margin-bottom: 15px; padding: 0px; line-height: 30px; color: rgb(51, 51, 51); font-family: &quot;Microsoft YaHei&quot;; white-space: normal; text-align: center;"><a href="http://img2.fengniao.com/g2/M00/05/0C/Cg-4kldOiJSIErFHAAfOm8YwdhQAAH2ZwEXL9EAB86z488.png" style="text-decoration: none; color: rgb(51, 51, 51);"><img src="/travelWeb/Public/upload/image/20170416/1492308952825865.png" width="700" height="467" title="旅行摄影之茫茫雪景" alt="旅行摄影之茫茫雪景"/></a></p><p style="margin-top: 0px; margin-bottom: 15px; padding: 0px; line-height: 30px; color: rgb(51, 51, 51); font-family: &quot;Microsoft YaHei&quot;; white-space: normal;">&nbsp; &nbsp; 选择深蓝色天空作为背景，可以更为明显地表现出雪花飞舞的场景。<br/>&nbsp;<br/><strong>7.浓雾环境下拍摄雪景</strong><br/>&nbsp;<br/>&nbsp; &nbsp; 在旅行拍摄时，有时会遇到浓雾天气，在这种天气下拍摄，照片大多会呈现出灰蒙蒙的样子，有时还会严重影响拍摄心情。为了更好地应对拍摄雪景时遇到的大雾天气，我们也需要掌握一定的拍摄技巧。<br/>&nbsp;<br/>·在浓雾影响下，相机自动对焦经常会判断失误，导致照片主体不清晰，因此，我们首先要选择使用手动对焦模式进行拍摄，当然为保证照片锐利度，我们还需要使用三脚架稳定相机。<br/>&nbsp;<br/>·有时，避免拍摄大场景，选择一些有趣的小地方进行拍摄，这样就可以很大程度避免雾天的影响。<br/>&nbsp;<br/>·借鉴中国传统黑白山水画作来发挥想象，认真观察环境。拍摄时，借助雾气营造一种虚无缥缈的氛围。</p><p style="margin-top: 0px; margin-bottom: 15px; padding: 0px; line-height: 30px; color: rgb(51, 51, 51); font-family: &quot;Microsoft YaHei&quot;; white-space: normal; text-align: center;"><a href="http://img2.fengniao.com/g1/M00/07/F0/Cg-4rFdOiLuIe7h9AAYb1fbdcz8AAScbwBJEfkABhvt039.png" style="text-decoration: none; color: rgb(51, 51, 51);"><img src="/travelWeb/Public/upload/image/20170416/1492308953684205.png" width="700" height="433" title="旅行摄影之茫茫雪景" alt="旅行摄影之茫茫雪景"/></a></p><p style="margin-top: 0px; margin-bottom: 15px; padding: 0px; line-height: 30px; color: rgb(51, 51, 51); font-family: &quot;Microsoft YaHei&quot;; white-space: normal;">&nbsp; &nbsp; 使用手动对焦，可以保证照片的主体清晰。<br/>&nbsp;<br/><strong>8.拍摄晶莹剔透的冰块</strong><br/>&nbsp;<br/>&nbsp; &nbsp; 旅行途中，若赶上积雪融化的日子，拍摄这些晶莹剔透、犹如宝石般的冰晶，也是很让人欣喜的事情。<br/>&nbsp;<br/>&nbsp; &nbsp; 通常在拍摄冰块时，我们会选择逆光或者侧逆光的方向，在光线的照耀下，冰晶更显晶莹剔透，惹人喜欢。</p><p style="margin-top: 0px; margin-bottom: 15px; padding: 0px; line-height: 30px; color: rgb(51, 51, 51); font-family: &quot;Microsoft YaHei&quot;; white-space: normal; text-align: center;"><a href="http://img2.fengniao.com/g2/M00/05/0C/Cg-4kldOiRSIAa34AA2bAEbrBuwAAH2aAGiiJAADZsY172.png" style="text-decoration: none; color: rgb(51, 51, 51);"><img src="/travelWeb/Public/upload/image/20170416/1492308954337541.png" width="700" height="847" title="旅行摄影之茫茫雪景" alt="旅行摄影之茫茫雪景"/></a></p><p style="margin-top: 0px; margin-bottom: 15px; padding: 0px; line-height: 30px; color: rgb(51, 51, 51); font-family: &quot;Microsoft YaHei&quot;; white-space: normal;">&nbsp; &nbsp; 利用开放式构图法只拍摄建筑物的局部，可以使欣赏者看到画面后产生更大的空间联想。<br/>&nbsp;<br/><strong>9. 在雪景中寻找鲜艳的主体</strong><br/>&nbsp;<br/>&nbsp; &nbsp; 在雪景中拍摄时，若是整幅照片全是白色场景，多少会造成审美疲劳。因此，适当寻找一些色彩较为艳丽的景物进行拍摄，让照片色彩鲜明，更显活泼。旅行中，我们可以选择诸如红色的灯笼、色彩艳丽的花朵等进行拍摄。在雪景中拍摄人像时，可以让模特身着一件鲜艳的衣服，这样照片会显得更加精彩。<br/>&nbsp;<br/>&nbsp; &nbsp; 走在茫茫大雪覆盖的森林中，看到几片沾满雪霜的黄色树叶，在黄色与白色的相互衬托下，照片更加清新。<br/>&nbsp;<br/>&nbsp; &nbsp; 旅途中，当遇到我们喜欢的小景物，而其色彩并不是那么鲜艳时，我们还可以借助天色，如黄昏时的昏黄色调或朝霞色彩来渲染画面，进行拍摄，这样，照片将会在天色影响下呈现出相应的色调，从而增加照片的新意。</p><p style="margin-top: 0px; margin-bottom: 15px; padding: 0px; line-height: 30px; color: rgb(51, 51, 51); font-family: &quot;Microsoft YaHei&quot;; white-space: normal; text-align: center;"><a href="http://img2.fengniao.com/g2/M00/05/0C/Cg-4kldOiVaICAaoAAiOPYq1H6oAAH2aANXO40ACI5V440.png" style="text-decoration: none; color: rgb(51, 51, 51);"><img src="/travelWeb/Public/upload/image/20170416/1492308955878622.png" width="700" height="555" title="旅行摄影之茫茫雪景" alt="旅行摄影之茫茫雪景"/></a></p><p style="margin-top: 0px; margin-bottom: 15px; padding: 0px; line-height: 30px; color: rgb(51, 51, 51); font-family: &quot;Microsoft YaHei&quot;; white-space: normal;">&nbsp; &nbsp; 拍摄白雪时，我们还可以借助朝霞或黄昏时的昏黄色彩进行拍摄。</p><p><br/></p>'),
(14, '清明将至，不如相约去赏油菜花？', '婺源，油菜花', 'admin', '2017-03-30 16:36:16', '<p><span style="color: rgb(51, 51, 51); font-family: &quot;Helvetica Neue&quot;, Helvetica, Arial, sans-serif; font-size: 14px; background-color: rgb(255, 255, 255);">3-4月间油菜花开时是游览婺源的最佳时节，其它季节亦适合。桃花、洁白的梨花点缀在漫山遍野金黄色的油菜花中，掩映着白墙灰瓦的徽派建筑，是婺源最亮眼的景色。夏季的婺源一片绿色且不热，可以在此避暑的同时游览景色。秋季为丰收的季节，晨雾缭绕，但是早晚温差大要适当带衣物。冬天的婺源不太冷，亦宁静许多，可以体会独自旅游的悠然自在感，但要记得做好防冻措施。</span></p><p><span style="background-color: rgb(255, 255, 255); color: rgb(51, 51, 51); font-family: &quot;Helvetica Neue&quot;, Helvetica, Arial, sans-serif; font-size: 14px;"></span></p><p><span style="background-color: rgb(255, 255, 255); color: rgb(51, 51, 51); font-family: &quot;Helvetica Neue&quot;, Helvetica, Arial, sans-serif; font-size: 14px;">婺源为江西上饶市下属县城，位于江西省东北部、上饶市北部，是古徽州六县之一，也是徽州文化的发祥地之一。 婺源素有“书乡”、“茶乡”之称，被外界誉为“中国最美的乡村”、“一颗镶嵌在最有名的是油菜花和徽派建筑，其乡村之美，在于浑然天成的和谐。“青山向晚盈轩翠，碧水含春傍槛流”。村村是画，步步皆景。山水间飘渺着的朦胧雾纱、古意盎然的民居、石径、廊桥，青山绿水环绕其间，全然剔透着一派水墨丹青的韵味。 婺源的景点围绕其村落展开，最有名的是油菜花和徽派建筑，其乡村之美，在于浑然天成的和谐。</span><br/></p><p><span style="background-color: rgb(255, 255, 255); color: rgb(51, 51, 51); font-family: &quot;Helvetica Neue&quot;, Helvetica, Arial, sans-serif; font-size: 14px;"><br/></span></p><p><span style="color: rgb(51, 51, 51); font-family: &quot;Helvetica Neue&quot;, Helvetica, Arial, sans-serif; font-size: 14px; background-color: rgb(255, 255, 255);">3-4月间梯田上黄灿灿的油菜花，江岭村便是婺源看油菜花的最佳地点，油菜花与徽派民居相呼应，描绘出一幅清丽的田园画卷。 现在，婺源旅游已形成东、西、北三条旅游精品线路，游客可在不同线路的景区体验婺源温婉的山水小镇景色与其深厚的徽州文化。精品三线中，东线主要景区有江湾、篁岭、李坑、汪口、晓起、江岭、庆源。江岭的油菜花最具特色，江湾则以古老的徽派建筑及秀丽的山水风景为最，徽派建筑的代表村落和有明清民居的晓起皆有宁静古朴之感。在婺源县海拔1260米的石耳中的一个有五百年历史的幽静山村篁岭，更为东线增添了一份沉淀。西线是婺源良好生态环境的浓缩，鸳鸯湖景区是世界最大的野生鸳鸯栖息地，湖光山色。文公山风景区是文化与生态并重的江南文化名山，因山腰葬有朱熹（文公）祖墓，故名文公山。北线景区以原汁原味的明清古村落和田园自然风光为主。思溪延村、长滩摄影地、彩虹桥、灵岩洞、大鄣山卧龙谷等景点都是自古以来文人墨客会聚之地，可谓物华天宝、人杰地灵。&nbsp;</span></p><p><span style="color: rgb(51, 51, 51); font-family: &quot;Helvetica Neue&quot;, Helvetica, Arial, sans-serif; font-size: 14px; background-color: rgb(255, 255, 255);"><br/></span></p><p><strong><span style="color: rgb(51, 51, 51); font-family: &quot;Helvetica Neue&quot;, Helvetica, Arial, sans-serif; font-size: 14px; background-color: rgb(255, 255, 255);">到达与离开：</span></strong></p><p style="text-indent: 2em;"><span style="color: rgb(51, 51, 51); font-family: &quot;Helvetica Neue&quot;, Helvetica, Arial, sans-serif; font-size: 14px; background-color: rgb(255, 255, 255);">合福高铁已经于2015年6月28日开通，设有婺源站。每天有近30班高铁停靠婺源。北上广以及合肥、福州、厦门、济南、天津等城市均可通过高铁直达婺源。</span></p><p style="text-indent: 2em;"><span style="color: rgb(51, 51, 51); font-family: &quot;Helvetica Neue&quot;, Helvetica, Arial, sans-serif; font-size: 14px; background-color: rgb(255, 255, 255);">若选择飞机的话，可飞至景德镇机场、南昌机场、衢州机场、黄山机场等，再转乘发往婺源的大巴。&nbsp;</span></p><p style="text-indent: 2em;"><span style="color: rgb(51, 51, 51); font-family: &quot;Helvetica Neue&quot;, Helvetica, Arial, sans-serif; font-size: 14px; background-color: rgb(255, 255, 255);">如果选择火车的话，建议到景德镇、九江、南昌、上饶、黄山、衢州等地，再转车至婺源。 从南昌、上饶、景德镇等地坐汽车前往婺源也相当方便。</span></p><p style="text-indent: 2em;"><span style="color: rgb(51, 51, 51); font-family: &quot;Helvetica Neue&quot;, Helvetica, Arial, sans-serif; font-size: 14px; background-color: rgb(255, 255, 255);">婺源景点多而分散，自驾游也是一种不错的选择。自驾游也多半会从景德镇、上饶、黄山、衢州等地入境婺源，路况良好。</span></p><p><span style="color: rgb(51, 51, 51); font-family: &quot;Helvetica Neue&quot;, Helvetica, Arial, sans-serif; font-size: 14px; background-color: rgb(255, 255, 255);"><br/></span></p><p><strong><span style="color: rgb(51, 51, 51); font-family: &quot;Helvetica Neue&quot;, Helvetica, Arial, sans-serif; font-size: 14px; background-color: rgb(255, 255, 255);">建议游玩：</span></strong><span style="color: rgb(51, 51, 51); font-family: &quot;Helvetica Neue&quot;, Helvetica, Arial, sans-serif; font-size: 14px; background-color: rgb(255, 255, 255);">1-2天&nbsp;</span></p><p><strong><span style="color: rgb(51, 51, 51); font-family: &quot;Helvetica Neue&quot;, Helvetica, Arial, sans-serif; font-size: 14px; background-color: rgb(255, 255, 255);">门票：</span></strong></p><p style="text-indent: 2em;"><span style="color: rgb(51, 51, 51); font-family: &quot;Helvetica Neue&quot;, Helvetica, Arial, sans-serif; font-size: 14px; background-color: rgb(255, 255, 255);">江岭、晓起、汪口 、李坑、卧龙谷、灵岩洞、思溪延村、彩虹桥、严田、文公山、鸳鸯湖、百柱宗祠、石城等14个景点均为：60.00元&nbsp;</span></p><p style="text-indent: 2em;"><span style="color: rgb(51, 51, 51); font-family: &quot;Helvetica Neue&quot;, Helvetica, Arial, sans-serif; font-size: 14px; background-color: rgb(255, 255, 255);">江湾：120.00元&nbsp;</span></p><p style="text-indent: 2em;"><span style="color: rgb(51, 51, 51); font-family: &quot;Helvetica Neue&quot;, Helvetica, Arial, sans-serif; font-size: 14px; background-color: rgb(255, 255, 255);">理坑：60.00元&nbsp;</span></p><p style="text-indent: 2em;"><span style="color: rgb(51, 51, 51); font-family: &quot;Helvetica Neue&quot;, Helvetica, Arial, sans-serif; font-size: 14px; background-color: rgb(255, 255, 255);">清风洞：55.00元&nbsp;</span></p><p style="text-indent: 2em;"><span style="color: rgb(51, 51, 51); font-family: &quot;Helvetica Neue&quot;, Helvetica, Arial, sans-serif; font-size: 14px; background-color: rgb(255, 255, 255);">五龙源漂流：168.00元&nbsp;</span></p><p style="text-indent: 2em;"><span style="color: rgb(51, 51, 51); font-family: &quot;Helvetica Neue&quot;, Helvetica, Arial, sans-serif; font-size: 14px; background-color: rgb(255, 255, 255);">丛溪漂流：80.00元&nbsp;</span></p><p style="text-indent: 2em;"><span style="color: rgb(51, 51, 51); font-family: &quot;Helvetica Neue&quot;, Helvetica, Arial, sans-serif; font-size: 14px; background-color: rgb(255, 255, 255);">篁岭:110.00元&nbsp;</span></p><p style="text-indent: 2em;"><span style="color: rgb(51, 51, 51); font-family: &quot;Helvetica Neue&quot;, Helvetica, Arial, sans-serif; font-size: 14px; background-color: rgb(255, 255, 255);">婺源联票：210.00元&nbsp;</span></p><p><strong><span style="color: rgb(51, 51, 51); font-family: &quot;Helvetica Neue&quot;, Helvetica, Arial, sans-serif; font-size: 14px; background-color: rgb(255, 255, 255);">Tips：</span></strong><span style="color: rgb(51, 51, 51); font-family: &quot;Helvetica Neue&quot;, Helvetica, Arial, sans-serif; font-size: 14px; background-color: rgb(255, 255, 255);">联票含江岭、晓起、江湾、汪口 、李坑、卧龙谷、灵岩洞、思溪延村、彩虹桥、严田、文公山、鸳鸯湖、百柱宗祠、石城14个景点，有效时间为五天。&nbsp;</span></p><p><strong><span style="color: rgb(51, 51, 51); font-family: &quot;Helvetica Neue&quot;, Helvetica, Arial, sans-serif; font-size: 14px; background-color: rgb(255, 255, 255);">开放时间：</span></strong></p><p style="text-indent: 2em;"><span style="color: rgb(51, 51, 51); font-family: &quot;Helvetica Neue&quot;, Helvetica, Arial, sans-serif; font-size: 14px; background-color: rgb(255, 255, 255);">旺季（3月1日~11月31日）：08:00~18:00&nbsp;</span></p><p style="text-indent: 2em;"><span style="color: rgb(51, 51, 51); font-family: &quot;Helvetica Neue&quot;, Helvetica, Arial, sans-serif; font-size: 14px; background-color: rgb(255, 255, 255);">淡季（12月1日~2月28日）：08:00~17:30&nbsp;</span></p><p><strong><span style="color: rgb(51, 51, 51); font-family: &quot;Helvetica Neue&quot;, Helvetica, Arial, sans-serif; font-size: 14px; background-color: rgb(255, 255, 255);">地址：</span></strong><span style="color: rgb(51, 51, 51); font-family: &quot;Helvetica Neue&quot;, Helvetica, Arial, sans-serif; font-size: 14px; background-color: rgb(255, 255, 255);">江西省上饶市北部&nbsp;</span></p><p><strong><span style="color: rgb(51, 51, 51); font-family: &quot;Helvetica Neue&quot;, Helvetica, Arial, sans-serif; font-size: 14px; background-color: rgb(255, 255, 255);">电话：</span></strong><span style="color: rgb(51, 51, 51); font-family: &quot;Helvetica Neue&quot;, Helvetica, Arial, sans-serif; font-size: 14px; background-color: rgb(255, 255, 255);">0793-7343605</span></p>');
INSERT INTO `tips` (`tips_id`, `tips_title`, `tags`, `tips_author`, `tips_time`, `tips_content`) VALUES
(15, '不可错过的美景 旅行摄影之茫茫冬日', '摄影，技巧', 'admin', '2017-04-10 10:16:33', '<p style="margin-top: 0px; margin-bottom: 15px; padding: 0px; line-height: 30px; color: rgb(51, 51, 51); font-family: &quot;Microsoft YaHei&quot;; white-space: normal;">洁白的雪是<a href="http://bbs.fengniao.com/forum/forum_15.html" class="inner-link" style="text-decoration: none; color: rgb(51, 51, 51); border-bottom: 1px dashed rgb(0, 0, 0);">旅行</a><a href="http://www.fengniao.com/" class="inner-link" style="text-decoration: none; color: rgb(51, 51, 51); border-bottom: 1px dashed rgb(0, 0, 0);">摄影</a>中绝不可错过的美景之一，可是如何拍摄雪景却往往难倒了很多摄影爱好者。如何在大片的白色之中寻找主题、搭配配角，进而拍摄出一张上佳的照片，这个问题我想很多影友都曾经问过。</p><p style="margin-top: 0px; margin-bottom: 15px; padding: 0px; line-height: 30px; color: rgb(51, 51, 51); font-family: &quot;Microsoft YaHei&quot;; white-space: normal;">&nbsp; &nbsp; 其实，办法很多。不同的场景下、不同的主题背景有着不同的拍摄技巧，只需灵活掌握这些技巧，便能拍出精彩的雪景照片。<br/>&nbsp;<br/><strong>1. 选择合适的地方拍摄雪景</strong><br/>&nbsp;<br/>&nbsp; &nbsp; 我们所说的雪景较为广泛，其包括了季节性降下的飞雪，也包括雪山之中常年的积雪。<br/>&nbsp;<br/>&nbsp; &nbsp; 因此，在拍摄雪景之前，我们应该根据这两种雪景的不同，选择合适的地方拍摄。例如在拍摄山顶的雪景时，我们可以从山脚仰视拍摄整座大山，也可以深入山中，拍摄眼前的雪色山景；又例如恰逢冬季降雪，可以选择雪景较为漂亮的地方，通过拍摄技巧选择合适的角度来拍摄。</p><p style="margin-top: 0px; margin-bottom: 15px; padding: 0px; line-height: 30px; color: rgb(51, 51, 51); font-family: &quot;Microsoft YaHei&quot;; white-space: normal; text-align: center;"><a href="http://img2.fengniao.com/g2/M00/05/0C/Cg-4k1dOhSmIXbJ3AAS1FxZk6oUAAH2ZAG48BYABLUv509.png" style="text-decoration: none; color: rgb(51, 51, 51);"><img src="/travelWeb/Public/upload/image/20170416/1492308946105513.png" width="700" height="466" title="旅行摄影之茫茫雪景" alt="旅行摄影之茫茫雪景"/></a></p><p style="margin-top: 0px; margin-bottom: 15px; padding: 0px; line-height: 30px; color: rgb(51, 51, 51); font-family: &quot;Microsoft YaHei&quot;; white-space: normal;">&nbsp; &nbsp; 拍摄山顶积雪时，选择在山脚位置拍摄，可以更为直白地表现山脉整体。</p><p style="margin-top: 0px; margin-bottom: 15px; padding: 0px; line-height: 30px; color: rgb(51, 51, 51); font-family: &quot;Microsoft YaHei&quot;; white-space: normal; text-align: center;"><a href="http://img2.fengniao.com/g2/M00/05/0C/Cg-4kldOhSqIEneCAAhPNyVjO_IAAH2ZAG9pUUACE9P795.png" style="text-decoration: none; color: rgb(51, 51, 51);"><img src="/travelWeb/Public/upload/image/20170416/1492308948523524.png" width="700" height="523" title="旅行摄影之茫茫雪景" alt="旅行摄影之茫茫雪景"/></a></p><p style="margin-top: 0px; margin-bottom: 15px; padding: 0px; line-height: 30px; color: rgb(51, 51, 51); font-family: &quot;Microsoft YaHei&quot;; white-space: normal;">&nbsp; &nbsp; 选择一些较为偏僻、不能及时充电的地方拍摄雪景时，应尽量多携带几块电池，确保拍摄时电量充足。<br/>&nbsp;<br/><strong>2.城市中的雪景</strong><br/>&nbsp;<br/>&nbsp; &nbsp; 对于喜欢雪的人来说，每当城市被皑皑白雪覆盖，仿佛城市会开口说话，诉说着它的过往。此时此刻，茫茫的白雪也像是在追忆着往事，就如同很多人说的，南京下雪以后会变成金陵，西安雪后变成长安一般。<br/>&nbsp;<br/>&nbsp; &nbsp; 在城市雪景拍摄，最为常见的主体便是街道、建筑，以及雪中拍摄人像、宠物等。<br/>&nbsp;<br/>&nbsp; &nbsp; 另外，如果恰逢春节还可以在傍晚时拍摄街道边的新年元素，如红色灯笼等。<br/>&nbsp;<br/>&nbsp; &nbsp; 另外，在城市拍摄时，为了使照片更加漂亮，我们还会选择在古建筑比较集中的地方拍摄。<br/>&nbsp;<br/>&nbsp; &nbsp; 城市拍摄建筑，取景尤为重要。即便是在同一个地方，取景的不同也会导致画面完全不同的视觉效果。所以，在这些比较熟悉的地方拍摄雪景，我们应该换个角度，用以往不一样的视角来观察拍摄。<br/>&nbsp;<br/>&nbsp; &nbsp; 白雪可以让整个世界都是白茫茫一片，在没有鲜艳色彩的情况下，城市会变成黑白灰，这也为城市增添了几分历史的味道。我们可以充分借助白雪的这一特点，增加照片的艺术效果。</p><p style="margin-top: 0px; margin-bottom: 15px; padding: 0px; line-height: 30px; color: rgb(51, 51, 51); font-family: &quot;Microsoft YaHei&quot;; white-space: normal; text-align: center;"><a href="http://img2.fengniao.com/g2/M00/05/0C/Cg-4kldOhVmICtPvAAOfREBzMHAAAH2ZAKMEN8AA59c666.jpg" style="text-decoration: none; color: rgb(51, 51, 51);"><img src="/travelWeb/Public/upload/image/20170416/1492308948533766.jpg" width="700" height="444" title="旅行摄影之茫茫雪景" alt="旅行摄影之茫茫雪景"/></a></p><p style="margin-top: 0px; margin-bottom: 15px; padding: 0px; line-height: 30px; color: rgb(51, 51, 51); font-family: &quot;Microsoft YaHei&quot;; white-space: normal;">&nbsp; &nbsp; 下雪之后，整个城市都变成了暗色调，历史感和沧桑感很浓烈。</p><p style="margin-top: 0px; margin-bottom: 15px; padding: 0px; line-height: 30px; color: rgb(51, 51, 51); font-family: &quot;Microsoft YaHei&quot;; white-space: normal; text-align: center;"><a href="http://img2.fengniao.com/g2/M00/05/0C/Cg-4k1dOhVqIH5Y_AANtn_SMYiAAAH2ZAKPsDsAA223357.png" style="text-decoration: none; color: rgb(51, 51, 51);"><img src="/travelWeb/Public/upload/image/20170416/1492308949683775.png" width="700" height="373" title="旅行摄影之茫茫雪景" alt="旅行摄影之茫茫雪景"/></a></p><p style="margin-top: 0px; margin-bottom: 15px; padding: 0px; line-height: 30px; color: rgb(51, 51, 51); font-family: &quot;Microsoft YaHei&quot;; white-space: normal;">&nbsp; &nbsp; 在下过雪的午后，天气虽然没有完全放晴，但是在柔和的光线下拍摄这些色彩较为绚丽的建筑，照片会显得更加唯美</p><p><a style="color: rgb(51, 51, 51); font-family: &quot;Microsoft YaHei&quot;; font-size: 12px; white-space: normal;"></a></p><p style="margin-top: 0px; margin-bottom: 15px; padding: 0px; line-height: 30px; color: rgb(51, 51, 51); font-family: &quot;Microsoft YaHei&quot;; white-space: normal;"><strong>3.增加曝光补偿让雪景更白</strong></p><p style="margin-top: 0px; margin-bottom: 15px; padding: 0px; line-height: 30px; color: rgb(51, 51, 51); font-family: &quot;Microsoft YaHei&quot;; white-space: normal;">&nbsp; &nbsp; 通常在拍摄雪景时，我们会遵守“白加黑减”的拍摄原理。<br/>&nbsp;<br/>&nbsp; &nbsp; 所谓“白加黑减”，是指在拍摄雪景这些颜色较为亮白的主体场景时，我们会增加曝光补偿，从而使照片中场景看起来更亮一些，主体也能得到更好地表现。<br/>&nbsp;<br/>&nbsp; &nbsp; 不过，值得注意的是，曝光补偿增加要适度，避免过分增加曝光补偿导致照片的细节丢失。</p><p style="margin-top: 0px; margin-bottom: 15px; padding: 0px; line-height: 30px; color: rgb(51, 51, 51); font-family: &quot;Microsoft YaHei&quot;; white-space: normal; text-align: center;"><a href="http://img2.fengniao.com/g1/M00/07/F0/Cg-4q1dOhoaIH7AyAAZpiCq7s9IAAScbAL4PDYABmmg405.png" style="text-decoration: none; color: rgb(51, 51, 51);"><img src="/travelWeb/Public/upload/image/20170416/1492308949105617.png" width="700" height="464" title="旅行摄影之茫茫雪景" alt="旅行摄影之茫茫雪景"/></a></p><p style="margin-top: 0px; margin-bottom: 15px; padding: 0px; line-height: 30px; color: rgb(51, 51, 51); font-family: &quot;Microsoft YaHei&quot;; white-space: normal;">&nbsp; &nbsp; 适当增加曝光补偿，照片中的雪景更加亮白，也不至于丢失细节。</p><p style="margin-top: 0px; margin-bottom: 15px; padding: 0px; line-height: 30px; color: rgb(51, 51, 51); font-family: &quot;Microsoft YaHei&quot;; white-space: normal; text-align: center;"><a href="http://img2.fengniao.com/g1/M00/07/F0/Cg-4rFdOhoaIMkJKAAOOpzCKT9EAAScbAL-pdYAA46_232.png" style="text-decoration: none; color: rgb(51, 51, 51);"><img src="/travelWeb/Public/upload/image/20170416/1492308950455706.png" width="700" height="466" title="旅行摄影之茫茫雪景" alt="旅行摄影之茫茫雪景"/></a></p><p style="margin-top: 0px; margin-bottom: 15px; padding: 0px; line-height: 30px; color: rgb(51, 51, 51); font-family: &quot;Microsoft YaHei&quot;; white-space: normal;">&nbsp; &nbsp; 在拍摄雪景时，适当增加曝光补偿，照片中整体更显高调、亮白。<br/>&nbsp;<br/><strong>4.逆光拍摄雪粒的质感</strong><br/>&nbsp;<br/>&nbsp; &nbsp; 雪景摄影之中，光线如何运用也直接影响着照片的整体视觉感受。例如逆光或者侧逆光拍摄下，雪景会受到光影作用 影响，颗粒感更加明显，照片要比顺光拍摄更显质感。</p><p style="margin-top: 0px; margin-bottom: 15px; padding: 0px; line-height: 30px; color: rgb(51, 51, 51); font-family: &quot;Microsoft YaHei&quot;; white-space: normal; text-align: center;"><a href="http://img2.fengniao.com/g2/M00/05/0C/Cg-4kldOhtiIAH3PAAzeXgQdXXsAAH2ZQHHZnEADN52365.png" style="text-decoration: none; color: rgb(51, 51, 51);"><img src="/travelWeb/Public/upload/image/20170416/1492308951286935.png" width="700" height="1005" title="旅行摄影之茫茫雪景" alt="旅行摄影之茫茫雪景"/></a></p><p style="margin-top: 0px; margin-bottom: 15px; padding: 0px; line-height: 30px; color: rgb(51, 51, 51); font-family: &quot;Microsoft YaHei&quot;; white-space: normal;">&nbsp; &nbsp; 有时，逆光拍摄雪景也是不错的选择。<br/>&nbsp;<br/><strong>5.改变白平衡拍摄蓝调雪景</strong></p><p style="margin-top: 0px; margin-bottom: 15px; padding: 0px; line-height: 30px; color: rgb(51, 51, 51); font-family: &quot;Microsoft YaHei&quot;; white-space: normal; text-align: center;"><a href="http://img2.fengniao.com/g1/M00/07/F0/Cg-4rFdOhwyIUcfBAAZvQe1TgsUAAScbQBzZakABm9Z128.png" style="text-decoration: none; color: rgb(51, 51, 51);"><img src="/travelWeb/Public/upload/image/20170416/1492308951138157.png" width="700" height="433" title="旅行摄影之茫茫雪景" alt="旅行摄影之茫茫雪景"/></a></p><p style="margin-top: 0px; margin-bottom: 15px; padding: 0px; line-height: 30px; color: rgb(51, 51, 51); font-family: &quot;Microsoft YaHei&quot;; white-space: normal;">&nbsp; &nbsp; 选择钨丝灯白平衡，可以营造出一种蓝调氛围的雪景照片。</p><p><a style="color: rgb(51, 51, 51); font-family: &quot;Microsoft YaHei&quot;; font-size: 12px; white-space: normal;"></a></p><p style="margin-top: 0px; margin-bottom: 15px; padding: 0px; line-height: 30px; color: rgb(51, 51, 51); font-family: &quot;Microsoft YaHei&quot;; white-space: normal;"><strong>6.拍摄漫天飞舞的雪花</strong></p><p style="margin-top: 0px; margin-bottom: 15px; padding: 0px; line-height: 30px; color: rgb(51, 51, 51); font-family: &quot;Microsoft YaHei&quot;; white-space: normal;">&nbsp; &nbsp; 很多人都热爱拍摄漫天飞舞的雪花。<br/>&nbsp;<br/>&nbsp; &nbsp; 众所周知，雪花颜色亮白且形状通常较小，若是背景颜色较浅较亮，雪花就很难被清晰地呈现出来。因此，在拍摄这种场景时，我们多选择深色背景进行衬托。<br/>&nbsp;<br/>&nbsp; &nbsp; 另外，在快门速度选择方面，高速快门可以定格雪花在空中飞舞的瞬间，相应的动感就会减少；较慢一点的快门可以拍摄一小段雪花划过天空的轨迹，从而在与地面积雪形成简单的虚实对比，增加画面的动感效果。</p><p style="margin-top: 0px; margin-bottom: 15px; padding: 0px; line-height: 30px; color: rgb(51, 51, 51); font-family: &quot;Microsoft YaHei&quot;; white-space: normal; text-align: center;"><a href="http://img2.fengniao.com/g2/M00/05/0C/Cg-4kldOiJSIErFHAAfOm8YwdhQAAH2ZwEXL9EAB86z488.png" style="text-decoration: none; color: rgb(51, 51, 51);"><img src="/travelWeb/Public/upload/image/20170416/1492308952825865.png" width="700" height="467" title="旅行摄影之茫茫雪景" alt="旅行摄影之茫茫雪景"/></a></p><p style="margin-top: 0px; margin-bottom: 15px; padding: 0px; line-height: 30px; color: rgb(51, 51, 51); font-family: &quot;Microsoft YaHei&quot;; white-space: normal;">&nbsp; &nbsp; 选择深蓝色天空作为背景，可以更为明显地表现出雪花飞舞的场景。<br/>&nbsp;<br/><strong>7.浓雾环境下拍摄雪景</strong><br/>&nbsp;<br/>&nbsp; &nbsp; 在旅行拍摄时，有时会遇到浓雾天气，在这种天气下拍摄，照片大多会呈现出灰蒙蒙的样子，有时还会严重影响拍摄心情。为了更好地应对拍摄雪景时遇到的大雾天气，我们也需要掌握一定的拍摄技巧。<br/>&nbsp;<br/>·在浓雾影响下，相机自动对焦经常会判断失误，导致照片主体不清晰，因此，我们首先要选择使用手动对焦模式进行拍摄，当然为保证照片锐利度，我们还需要使用三脚架稳定相机。<br/>&nbsp;<br/>·有时，避免拍摄大场景，选择一些有趣的小地方进行拍摄，这样就可以很大程度避免雾天的影响。<br/>&nbsp;<br/>·借鉴中国传统黑白山水画作来发挥想象，认真观察环境。拍摄时，借助雾气营造一种虚无缥缈的氛围。</p><p style="margin-top: 0px; margin-bottom: 15px; padding: 0px; line-height: 30px; color: rgb(51, 51, 51); font-family: &quot;Microsoft YaHei&quot;; white-space: normal; text-align: center;"><a href="http://img2.fengniao.com/g1/M00/07/F0/Cg-4rFdOiLuIe7h9AAYb1fbdcz8AAScbwBJEfkABhvt039.png" style="text-decoration: none; color: rgb(51, 51, 51);"><img src="/travelWeb/Public/upload/image/20170416/1492308953684205.png" width="700" height="433" title="旅行摄影之茫茫雪景" alt="旅行摄影之茫茫雪景"/></a></p><p style="margin-top: 0px; margin-bottom: 15px; padding: 0px; line-height: 30px; color: rgb(51, 51, 51); font-family: &quot;Microsoft YaHei&quot;; white-space: normal;">&nbsp; &nbsp; 使用手动对焦，可以保证照片的主体清晰。<br/>&nbsp;<br/><strong>8.拍摄晶莹剔透的冰块</strong><br/>&nbsp;<br/>&nbsp; &nbsp; 旅行途中，若赶上积雪融化的日子，拍摄这些晶莹剔透、犹如宝石般的冰晶，也是很让人欣喜的事情。<br/>&nbsp;<br/>&nbsp; &nbsp; 通常在拍摄冰块时，我们会选择逆光或者侧逆光的方向，在光线的照耀下，冰晶更显晶莹剔透，惹人喜欢。</p><p style="margin-top: 0px; margin-bottom: 15px; padding: 0px; line-height: 30px; color: rgb(51, 51, 51); font-family: &quot;Microsoft YaHei&quot;; white-space: normal; text-align: center;"><a href="http://img2.fengniao.com/g2/M00/05/0C/Cg-4kldOiRSIAa34AA2bAEbrBuwAAH2aAGiiJAADZsY172.png" style="text-decoration: none; color: rgb(51, 51, 51);"><img src="/travelWeb/Public/upload/image/20170416/1492308954337541.png" width="700" height="847" title="旅行摄影之茫茫雪景" alt="旅行摄影之茫茫雪景"/></a></p><p style="margin-top: 0px; margin-bottom: 15px; padding: 0px; line-height: 30px; color: rgb(51, 51, 51); font-family: &quot;Microsoft YaHei&quot;; white-space: normal;">&nbsp; &nbsp; 利用开放式构图法只拍摄建筑物的局部，可以使欣赏者看到画面后产生更大的空间联想。<br/>&nbsp;<br/><strong>9. 在雪景中寻找鲜艳的主体</strong><br/>&nbsp;<br/>&nbsp; &nbsp; 在雪景中拍摄时，若是整幅照片全是白色场景，多少会造成审美疲劳。因此，适当寻找一些色彩较为艳丽的景物进行拍摄，让照片色彩鲜明，更显活泼。旅行中，我们可以选择诸如红色的灯笼、色彩艳丽的花朵等进行拍摄。在雪景中拍摄人像时，可以让模特身着一件鲜艳的衣服，这样照片会显得更加精彩。<br/>&nbsp;<br/>&nbsp; &nbsp; 走在茫茫大雪覆盖的森林中，看到几片沾满雪霜的黄色树叶，在黄色与白色的相互衬托下，照片更加清新。<br/>&nbsp;<br/>&nbsp; &nbsp; 旅途中，当遇到我们喜欢的小景物，而其色彩并不是那么鲜艳时，我们还可以借助天色，如黄昏时的昏黄色调或朝霞色彩来渲染画面，进行拍摄，这样，照片将会在天色影响下呈现出相应的色调，从而增加照片的新意。</p><p style="margin-top: 0px; margin-bottom: 15px; padding: 0px; line-height: 30px; color: rgb(51, 51, 51); font-family: &quot;Microsoft YaHei&quot;; white-space: normal; text-align: center;"><a href="http://img2.fengniao.com/g2/M00/05/0C/Cg-4kldOiVaICAaoAAiOPYq1H6oAAH2aANXO40ACI5V440.png" style="text-decoration: none; color: rgb(51, 51, 51);"><img src="/travelWeb/Public/upload/image/20170416/1492308955878622.png" width="700" height="555" title="旅行摄影之茫茫雪景" alt="旅行摄影之茫茫雪景"/></a></p><p style="margin-top: 0px; margin-bottom: 15px; padding: 0px; line-height: 30px; color: rgb(51, 51, 51); font-family: &quot;Microsoft YaHei&quot;; white-space: normal;">&nbsp; &nbsp; 拍摄白雪时，我们还可以借助朝霞或黄昏时的昏黄色彩进行拍摄。</p><p><br/></p>');

-- --------------------------------------------------------

--
-- 表的结构 `users`
--

CREATE TABLE IF NOT EXISTS `users` (
  `user_id` int(4) NOT NULL AUTO_INCREMENT,
  `username` varchar(50) NOT NULL,
  `pwd` varchar(50) NOT NULL,
  `email` varchar(50) NOT NULL,
  `img` varchar(100) NOT NULL,
  `follows` varchar(100) NOT NULL,
  `followers` varchar(100) NOT NULL,
  PRIMARY KEY (`user_id`)
) ENGINE=InnoDB  DEFAULT CHARSET=utf8 AUTO_INCREMENT=11 ;

--
-- 转存表中的数据 `users`
--

INSERT INTO `users` (`user_id`, `username`, `pwd`, `email`, `img`, `follows`, `followers`) VALUES
(1, 'abc', '123', '123456789@qq.com', 'default.gif', '', '9'),
(5, 'Anna', '55555', 'hello@163.com', '1492303158413.jpg', '', '9'),
(8, 'Tom', '12345', 'tom@163.com', 'default.gif', '', ''),
(9, 'Henry', '666666', 'henry@163.com', '1492487241719.jpeg', '1,5', '10'),
(10, 'Alice', '12345', 'alice@163.com', '1493096765954.jpg', '9', '');

/*!40101 SET CHARACTER_SET_CLIENT=@OLD_CHARACTER_SET_CLIENT */;
/*!40101 SET CHARACTER_SET_RESULTS=@OLD_CHARACTER_SET_RESULTS */;
/*!40101 SET COLLATION_CONNECTION=@OLD_COLLATION_CONNECTION */;
